Receipt,Item,Flavor,Quantity,Price,Food,SaleDate,Weekend,isCash,EmpId,StoreNum,Street,State,City
23,13,Apricot,3,3.25,Tart,2000-10-28,True,False,1,1,"150 Hayes St",CA,"San Francisco"
23,19,Lemon,5,3.25,Tart,2000-10-28,True,False,1,1,"150 Hayes St",CA,"San Francisco"
26,7,Coffee,2,3.5,Eclair,2000-12-01,True,True,1,1,"150 Hayes St",CA,"San Francisco"
26,11,Apple,4,5.25,Pie,2000-12-01,True,True,1,1,"150 Hayes St",CA,"San Francisco"
26,14,Berry,5,3.25,Tart,2000-12-01,True,True,1,1,"150 Hayes St",CA,"San Francisco"
37,14,Berry,4,3.25,Tart,2000-08-05,True,False,1,1,"150 Hayes St",CA,"San Francisco"
37,22,Gongolais,4,1.15,Cookie,2000-08-05,True,False,1,1,"150 Hayes St",CA,"San Francisco"
37,26,Vanilla,4,1.15,Meringue,2000-08-05,True,False,1,1,"150 Hayes St",CA,"San Francisco"
37,37,Almond,4,1.15,Twist,2000-08-05,True,False,1,1,"150 Hayes St",CA,"San Francisco"
37,44,Bottled,5,1.8,Water,2000-08-05,True,False,1,1,"150 Hayes St",CA,"San Francisco"
65,12,Apple,2,3.25,Tart,2000-05-25,False,True,1,1,"150 Hayes St",CA,"San Francisco"
65,14,Berry,3,3.25,Tart,2000-05-25,False,True,1,1,"150 Hayes St",CA,"San Francisco"
65,44,Bottled,1,1.8,Water,2000-05-25,False,True,1,1,"150 Hayes St",CA,"San Francisco"
122,3,Opera,3,15.95,Cake,2000-06-19,False,False,1,1,"150 Hayes St",CA,"San Francisco"
122,18,Cherry,3,3.25,Tart,2000-06-19,False,False,1,1,"150 Hayes St",CA,"San Francisco"
122,35,Apricot,3,1.15,Danish,2000-06-19,False,False,1,1,"150 Hayes St",CA,"San Francisco"
131,14,Berry,2,3.25,Tart,2000-01-17,False,False,1,1,"150 Hayes St",CA,"San Francisco"
131,20,Pecan,3,3.75,Tart,2000-01-17,False,False,1,1,"150 Hayes St",CA,"San Francisco"
131,26,Vanilla,4,1.15,Meringue,2000-01-17,False,False,1,1,"150 Hayes St",CA,"San Francisco"
131,44,Bottled,3,1.8,Water,2000-01-17,False,False,1,1,"150 Hayes St",CA,"San Francisco"
135,12,Apple,1,3.25,Tart,2000-05-09,False,True,1,1,"150 Hayes St",CA,"San Francisco"
135,31,Apple,2,1.45,Croissant,2000-05-09,False,True,1,1,"150 Hayes St",CA,"San Francisco"
135,36,Apple,2,1.15,Danish,2000-05-09,False,True,1,1,"150 Hayes St",CA,"San Francisco"
143,5,Truffle,2,15.95,Cake,2000-01-29,True,False,1,1,"150 Hayes St",CA,"San Francisco"
143,19,Lemon,1,3.25,Tart,2000-01-29,True,False,1,1,"150 Hayes St",CA,"San Francisco"
143,22,Gongolais,4,1.15,Cookie,2000-01-29,True,False,1,1,"150 Hayes St",CA,"San Francisco"
153,0,Chocolate,1,8.95,Cake,2000-03-11,True,True,1,1,"150 Hayes St",CA,"San Francisco"
153,2,Casino,1,15.95,Cake,2000-03-11,True,True,1,1,"150 Hayes St",CA,"San Francisco"
153,37,Almond,2,1.15,Twist,2000-03-11,True,True,1,1,"150 Hayes St",CA,"San Francisco"
153,46,Chocolate,3,2.45,Coffee,2000-03-11,True,True,1,1,"150 Hayes St",CA,"San Francisco"
175,40,Lemon,2,3.25,Lemonade,2000-10-27,True,False,1,1,"150 Hayes St",CA,"San Francisco"
175,42,Orange,1,2.75,Juice,2000-10-27,True,False,1,1,"150 Hayes St",CA,"San Francisco"
176,11,Apple,1,5.25,Pie,2000-12-06,False,False,1,1,"150 Hayes St",CA,"San Francisco"
176,34,Chocolate,4,1.75,Croissant,2000-12-06,False,False,1,1,"150 Hayes St",CA,"San Francisco"
176,48,Cherry,5,1.29,Soda,2000-12-06,False,False,1,1,"150 Hayes St",CA,"San Francisco"
197,27,Marzipan,3,1.25,Cookie,2000-12-24,False,False,1,1,"150 Hayes St",CA,"San Francisco"
197,28,Tuile,1,1.25,Cookie,2000-12-24,False,False,1,1,"150 Hayes St",CA,"San Francisco"
197,44,Bottled,1,1.8,Water,2000-12-24,False,False,1,1,"150 Hayes St",CA,"San Francisco"
197,47,Vanilla,4,3.85,Frappuccino,2000-12-24,False,False,1,1,"150 Hayes St",CA,"San Francisco"
267,18,Cherry,1,3.25,Tart,2000-08-29,False,True,1,1,"150 Hayes St",CA,"San Francisco"
267,22,Gongolais,4,1.15,Cookie,2000-08-29,False,True,1,1,"150 Hayes St",CA,"San Francisco"
267,42,Orange,1,2.75,Juice,2000-08-29,False,True,1,1,"150 Hayes St",CA,"San Francisco"
267,49,Single,4,1.85,Espresso,2000-08-29,False,True,1,1,"150 Hayes St",CA,"San Francisco"
293,8,Vanilla,4,3.25,Eclair,2000-06-24,True,False,1,1,"150 Hayes St",CA,"San Francisco"
293,21,Ganache,3,1.15,Cookie,2000-06-24,True,False,1,1,"150 Hayes St",CA,"San Francisco"
293,24,Lemon,4,0.79,Cookie,2000-06-24,True,False,1,1,"150 Hayes St",CA,"San Francisco"
293,33,Cheese,2,1.75,Croissant,2000-06-24,True,False,1,1,"150 Hayes St",CA,"San Francisco"
293,34,Chocolate,1,1.75,Croissant,2000-06-24,True,False,1,1,"150 Hayes St",CA,"San Francisco"
293,40,Lemon,2,3.25,Lemonade,2000-06-24,True,False,1,1,"150 Hayes St",CA,"San Francisco"
293,42,Orange,2,2.75,Juice,2000-06-24,True,False,1,1,"150 Hayes St",CA,"San Francisco"
293,44,Bottled,3,1.8,Water,2000-06-24,True,False,1,1,"150 Hayes St",CA,"San Francisco"
299,1,Lemon,3,8.95,Cake,2000-11-23,False,False,1,1,"150 Hayes St",CA,"San Francisco"
299,23,Raspberry,1,1.09,Cookie,2000-11-23,False,False,1,1,"150 Hayes St",CA,"San Francisco"
299,33,Cheese,4,1.75,Croissant,2000-11-23,False,False,1,1,"150 Hayes St",CA,"San Francisco"
299,42,Orange,5,2.75,Juice,2000-11-23,False,False,1,1,"150 Hayes St",CA,"San Francisco"
299,47,Vanilla,1,3.85,Frappuccino,2000-11-23,False,False,1,1,"150 Hayes St",CA,"San Francisco"
305,5,Truffle,5,15.95,Cake,2000-05-07,False,False,1,1,"150 Hayes St",CA,"San Francisco"
305,21,Ganache,2,1.15,Cookie,2000-05-07,False,False,1,1,"150 Hayes St",CA,"San Francisco"
305,22,Gongolais,3,1.15,Cookie,2000-05-07,False,False,1,1,"150 Hayes St",CA,"San Francisco"
305,25,Chocolate,1,1.25,Meringue,2000-05-07,False,False,1,1,"150 Hayes St",CA,"San Francisco"
305,27,Marzipan,3,1.25,Cookie,2000-05-07,False,False,1,1,"150 Hayes St",CA,"San Francisco"
305,31,Apple,4,1.45,Croissant,2000-05-07,False,False,1,1,"150 Hayes St",CA,"San Francisco"
305,42,Orange,3,2.75,Juice,2000-05-07,False,False,1,1,"150 Hayes St",CA,"San Francisco"
334,4,Strawberry,2,11.95,Cake,2000-10-02,False,True,1,1,"150 Hayes St",CA,"San Francisco"
334,9,Napoleon,4,13.49,Cake,2000-10-02,False,True,1,1,"150 Hayes St",CA,"San Francisco"
334,13,Apricot,5,3.25,Tart,2000-10-02,False,True,1,1,"150 Hayes St",CA,"San Francisco"
334,33,Cheese,1,1.75,Croissant,2000-10-02,False,True,1,1,"150 Hayes St",CA,"San Francisco"
334,43,Green,5,1.85,Tea,2000-10-02,False,True,1,1,"150 Hayes St",CA,"San Francisco"
334,46,Chocolate,5,2.45,Coffee,2000-10-02,False,True,1,1,"150 Hayes St",CA,"San Francisco"
364,23,Raspberry,4,1.09,Cookie,2000-11-09,False,True,1,1,"150 Hayes St",CA,"San Francisco"
364,27,Marzipan,4,1.25,Cookie,2000-11-09,False,True,1,1,"150 Hayes St",CA,"San Francisco"
364,28,Tuile,4,1.25,Cookie,2000-11-09,False,True,1,1,"150 Hayes St",CA,"San Francisco"
384,8,Vanilla,2,3.25,Eclair,2000-09-26,False,False,1,1,"150 Hayes St",CA,"San Francisco"
384,25,Chocolate,2,1.25,Meringue,2000-09-26,False,False,1,1,"150 Hayes St",CA,"San Francisco"
384,29,Walnut,5,0.79,Cookie,2000-09-26,False,False,1,1,"150 Hayes St",CA,"San Francisco"
397,7,Coffee,3,3.5,Eclair,2000-08-07,False,True,1,1,"150 Hayes St",CA,"San Francisco"
397,15,Blackberry,3,3.25,Tart,2000-08-07,False,True,1,1,"150 Hayes St",CA,"San Francisco"
397,49,Single,1,1.85,Espresso,2000-08-07,False,True,1,1,"150 Hayes St",CA,"San Francisco"
426,0,Chocolate,1,8.95,Cake,2000-08-10,False,False,1,1,"150 Hayes St",CA,"San Francisco"
426,17,Chocolate,3,3.75,Tart,2000-08-10,False,False,1,1,"150 Hayes St",CA,"San Francisco"
426,24,Lemon,5,0.79,Cookie,2000-08-10,False,False,1,1,"150 Hayes St",CA,"San Francisco"
440,2,Casino,3,15.95,Cake,2000-06-24,True,True,1,1,"150 Hayes St",CA,"San Francisco"
440,19,Lemon,4,3.25,Tart,2000-06-24,True,True,1,1,"150 Hayes St",CA,"San Francisco"
447,19,Lemon,3,3.25,Tart,2000-08-20,False,False,1,1,"150 Hayes St",CA,"San Francisco"
447,27,Marzipan,1,1.25,Cookie,2000-08-20,False,False,1,1,"150 Hayes St",CA,"San Francisco"
447,36,Apple,3,1.15,Danish,2000-08-20,False,False,1,1,"150 Hayes St",CA,"San Francisco"
467,23,Raspberry,1,1.09,Cookie,2000-11-18,True,False,1,1,"150 Hayes St",CA,"San Francisco"
467,24,Lemon,5,0.79,Cookie,2000-11-18,True,False,1,1,"150 Hayes St",CA,"San Francisco"
467,40,Lemon,2,3.25,Lemonade,2000-11-18,True,False,1,1,"150 Hayes St",CA,"San Francisco"
467,41,Raspberry,4,3.25,Lemonade,2000-11-18,True,False,1,1,"150 Hayes St",CA,"San Francisco"
482,9,Napoleon,1,13.49,Cake,2000-07-27,False,False,1,1,"150 Hayes St",CA,"San Francisco"
486,4,Strawberry,4,11.95,Cake,2000-02-26,True,True,1,1,"150 Hayes St",CA,"San Francisco"
486,34,Chocolate,5,1.75,Croissant,2000-02-26,True,True,1,1,"150 Hayes St",CA,"San Francisco"
494,13,Apricot,4,3.25,Tart,2000-06-10,True,True,1,1,"150 Hayes St",CA,"San Francisco"
494,30,Almond,2,1.45,Croissant,2000-06-10,True,True,1,1,"150 Hayes St",CA,"San Francisco"
494,38,Almond,3,1.95,"Bear Claw",2000-06-10,True,True,1,1,"150 Hayes St",CA,"San Francisco"
501,0,Chocolate,3,8.95,Cake,2000-06-14,False,False,1,1,"150 Hayes St",CA,"San Francisco"
501,21,Ganache,3,1.15,Cookie,2000-06-14,False,False,1,1,"150 Hayes St",CA,"San Francisco"
501,33,Cheese,1,1.75,Croissant,2000-06-14,False,False,1,1,"150 Hayes St",CA,"San Francisco"
501,39,Blueberry,4,1.15,Danish,2000-06-14,False,False,1,1,"150 Hayes St",CA,"San Francisco"
558,4,Strawberry,1,11.95,Cake,2000-12-23,True,False,1,1,"150 Hayes St",CA,"San Francisco"
558,11,Apple,2,5.25,Pie,2000-12-23,True,False,1,1,"150 Hayes St",CA,"San Francisco"
558,41,Raspberry,3,3.25,Lemonade,2000-12-23,True,False,1,1,"150 Hayes St",CA,"San Francisco"
558,43,Green,2,1.85,Tea,2000-12-23,True,False,1,1,"150 Hayes St",CA,"San Francisco"
585,23,Raspberry,2,1.09,Cookie,2000-10-25,False,True,1,1,"150 Hayes St",CA,"San Francisco"
585,33,Cheese,5,1.75,Croissant,2000-10-25,False,True,1,1,"150 Hayes St",CA,"San Francisco"
585,42,Orange,4,2.75,Juice,2000-10-25,False,True,1,1,"150 Hayes St",CA,"San Francisco"
645,16,Blueberry,1,3.25,Tart,2000-05-16,False,True,1,1,"150 Hayes St",CA,"San Francisco"
645,32,Apricot,3,1.45,Croissant,2000-05-16,False,True,1,1,"150 Hayes St",CA,"San Francisco"
645,45,Hot,3,2.15,Coffee,2000-05-16,False,True,1,1,"150 Hayes St",CA,"San Francisco"
656,5,Truffle,4,15.95,Cake,2000-10-20,True,False,1,1,"150 Hayes St",CA,"San Francisco"
656,22,Gongolais,3,1.15,Cookie,2000-10-20,True,False,1,1,"150 Hayes St",CA,"San Francisco"
666,12,Apple,5,3.25,Tart,2000-07-20,False,False,1,1,"150 Hayes St",CA,"San Francisco"
666,31,Apple,2,1.45,Croissant,2000-07-20,False,False,1,1,"150 Hayes St",CA,"San Francisco"
666,36,Apple,4,1.15,Danish,2000-07-20,False,False,1,1,"150 Hayes St",CA,"San Francisco"
666,48,Cherry,4,1.29,Soda,2000-07-20,False,False,1,1,"150 Hayes St",CA,"San Francisco"
677,2,Casino,4,15.95,Cake,2000-02-06,False,False,1,1,"150 Hayes St",CA,"San Francisco"
677,10,Almond,2,3.75,Tart,2000-02-06,False,False,1,1,"150 Hayes St",CA,"San Francisco"
677,23,Raspberry,1,1.09,Cookie,2000-02-06,False,False,1,1,"150 Hayes St",CA,"San Francisco"
677,42,Orange,2,2.75,Juice,2000-02-06,False,False,1,1,"150 Hayes St",CA,"San Francisco"
690,7,Coffee,1,3.5,Eclair,2000-07-27,False,True,1,1,"150 Hayes St",CA,"San Francisco"
690,11,Apple,4,5.25,Pie,2000-07-27,False,True,1,1,"150 Hayes St",CA,"San Francisco"
690,14,Berry,1,3.25,Tart,2000-07-27,False,True,1,1,"150 Hayes St",CA,"San Francisco"
690,18,Cherry,4,3.25,Tart,2000-07-27,False,True,1,1,"150 Hayes St",CA,"San Francisco"
690,23,Raspberry,5,1.09,Cookie,2000-07-27,False,True,1,1,"150 Hayes St",CA,"San Francisco"
723,5,Truffle,1,15.95,Cake,2000-01-01,True,False,1,1,"150 Hayes St",CA,"San Francisco"
723,15,Blackberry,1,3.25,Tart,2000-01-01,True,False,1,1,"150 Hayes St",CA,"San Francisco"
723,34,Chocolate,4,1.75,Croissant,2000-01-01,True,False,1,1,"150 Hayes St",CA,"San Francisco"
730,27,Marzipan,5,1.25,Cookie,2000-03-22,False,False,1,1,"150 Hayes St",CA,"San Francisco"
730,28,Tuile,1,1.25,Cookie,2000-03-22,False,False,1,1,"150 Hayes St",CA,"San Francisco"
733,0,Chocolate,1,8.95,Cake,2000-03-18,True,False,1,1,"150 Hayes St",CA,"San Francisco"
733,46,Chocolate,4,2.45,Coffee,2000-03-18,True,False,1,1,"150 Hayes St",CA,"San Francisco"
750,0,Chocolate,3,8.95,Cake,2000-04-11,False,False,1,1,"150 Hayes St",CA,"San Francisco"
750,18,Cherry,2,3.25,Tart,2000-04-11,False,False,1,1,"150 Hayes St",CA,"San Francisco"
750,24,Lemon,5,0.79,Cookie,2000-04-11,False,False,1,1,"150 Hayes St",CA,"San Francisco"
750,43,Green,3,1.85,Tea,2000-04-11,False,False,1,1,"150 Hayes St",CA,"San Francisco"
750,48,Cherry,2,1.29,Soda,2000-04-11,False,False,1,1,"150 Hayes St",CA,"San Francisco"
757,23,Raspberry,4,1.09,Cookie,2000-09-08,True,False,1,1,"150 Hayes St",CA,"San Francisco"
757,24,Lemon,3,0.79,Cookie,2000-09-08,True,False,1,1,"150 Hayes St",CA,"San Francisco"
757,40,Lemon,4,3.25,Lemonade,2000-09-08,True,False,1,1,"150 Hayes St",CA,"San Francisco"
757,41,Raspberry,1,3.25,Lemonade,2000-09-08,True,False,1,1,"150 Hayes St",CA,"San Francisco"
757,43,Green,4,1.85,Tea,2000-09-08,True,False,1,1,"150 Hayes St",CA,"San Francisco"
830,15,Blackberry,3,3.25,Tart,2000-01-08,True,False,1,1,"150 Hayes St",CA,"San Francisco"
830,26,Vanilla,5,1.15,Meringue,2000-01-08,True,False,1,1,"150 Hayes St",CA,"San Francisco"
830,28,Tuile,4,1.25,Cookie,2000-01-08,True,False,1,1,"150 Hayes St",CA,"San Francisco"
830,33,Cheese,1,1.75,Croissant,2000-01-08,True,False,1,1,"150 Hayes St",CA,"San Francisco"
830,36,Apple,1,1.15,Danish,2000-01-08,True,False,1,1,"150 Hayes St",CA,"San Francisco"
834,4,Strawberry,2,11.95,Cake,2000-01-14,True,False,1,1,"150 Hayes St",CA,"San Francisco"
834,9,Napoleon,4,13.49,Cake,2000-01-14,True,False,1,1,"150 Hayes St",CA,"San Francisco"
852,4,Strawberry,1,11.95,Cake,2000-03-20,False,True,1,1,"150 Hayes St",CA,"San Francisco"
852,9,Napoleon,3,13.49,Cake,2000-03-20,False,True,1,1,"150 Hayes St",CA,"San Francisco"
855,4,Strawberry,2,11.95,Cake,2000-01-25,False,True,1,1,"150 Hayes St",CA,"San Francisco"
855,13,Apricot,1,3.25,Tart,2000-01-25,False,True,1,1,"150 Hayes St",CA,"San Francisco"
855,32,Apricot,3,1.45,Croissant,2000-01-25,False,True,1,1,"150 Hayes St",CA,"San Francisco"
873,5,Truffle,4,15.95,Cake,2000-08-17,False,False,1,1,"150 Hayes St",CA,"San Francisco"
873,7,Coffee,4,3.5,Eclair,2000-08-17,False,False,1,1,"150 Hayes St",CA,"San Francisco"
873,20,Pecan,5,3.75,Tart,2000-08-17,False,False,1,1,"150 Hayes St",CA,"San Francisco"
875,3,Opera,2,15.95,Cake,2000-04-29,True,True,1,1,"150 Hayes St",CA,"San Francisco"
875,18,Cherry,3,3.25,Tart,2000-04-29,True,True,1,1,"150 Hayes St",CA,"San Francisco"
875,35,Apricot,1,1.15,Danish,2000-04-29,True,True,1,1,"150 Hayes St",CA,"San Francisco"
876,8,Vanilla,1,3.25,Eclair,2000-07-27,False,True,1,1,"150 Hayes St",CA,"San Francisco"
876,21,Ganache,2,1.15,Cookie,2000-07-27,False,True,1,1,"150 Hayes St",CA,"San Francisco"
876,29,Walnut,4,0.79,Cookie,2000-07-27,False,True,1,1,"150 Hayes St",CA,"San Francisco"
876,33,Cheese,3,1.75,Croissant,2000-07-27,False,True,1,1,"150 Hayes St",CA,"San Francisco"
876,42,Orange,5,2.75,Juice,2000-07-27,False,True,1,1,"150 Hayes St",CA,"San Francisco"
894,11,Apple,2,5.25,Pie,2000-06-04,False,False,1,1,"150 Hayes St",CA,"San Francisco"
894,30,Almond,1,1.45,Croissant,2000-06-04,False,False,1,1,"150 Hayes St",CA,"San Francisco"
894,43,Green,2,1.85,Tea,2000-06-04,False,False,1,1,"150 Hayes St",CA,"San Francisco"
912,4,Strawberry,5,11.95,Cake,2000-11-08,False,False,1,1,"150 Hayes St",CA,"San Francisco"
912,5,Truffle,4,15.95,Cake,2000-11-08,False,False,1,1,"150 Hayes St",CA,"San Francisco"
912,7,Coffee,4,3.5,Eclair,2000-11-08,False,False,1,1,"150 Hayes St",CA,"San Francisco"
912,21,Ganache,4,1.15,Cookie,2000-11-08,False,False,1,1,"150 Hayes St",CA,"San Francisco"
930,5,Truffle,1,15.95,Cake,2000-11-12,False,True,1,1,"150 Hayes St",CA,"San Francisco"
930,22,Gongolais,1,1.15,Cookie,2000-11-12,False,True,1,1,"150 Hayes St",CA,"San Francisco"
947,41,Raspberry,2,3.25,Lemonade,2000-09-08,True,False,1,1,"150 Hayes St",CA,"San Francisco"
974,21,Ganache,2,1.15,Cookie,2000-05-09,False,False,1,1,"150 Hayes St",CA,"San Francisco"
974,36,Apple,1,1.15,Danish,2000-05-09,False,False,1,1,"150 Hayes St",CA,"San Francisco"
1000,15,Blackberry,4,3.25,Tart,2000-08-03,False,False,1,1,"150 Hayes St",CA,"San Francisco"
1000,34,Chocolate,3,1.75,Croissant,2000-08-03,False,False,1,1,"150 Hayes St",CA,"San Francisco"
1000,47,Vanilla,3,3.85,Frappuccino,2000-08-03,False,False,1,1,"150 Hayes St",CA,"San Francisco"
10,3,Opera,1,15.95,Cake,2000-01-22,True,True,24,2,"1430 Chorro St",CA,"San Luis Obispo"
10,18,Cherry,5,3.25,Tart,2000-01-22,True,True,24,2,"1430 Chorro St",CA,"San Luis Obispo"
10,35,Apricot,2,1.15,Danish,2000-01-22,True,True,24,2,"1430 Chorro St",CA,"San Luis Obispo"
13,49,Single,4,1.85,Espresso,2000-01-13,False,False,2,2,"1430 Chorro St",CA,"San Luis Obispo"
14,1,Lemon,2,8.95,Cake,2000-01-16,False,False,24,2,"1430 Chorro St",CA,"San Luis Obispo"
14,19,Lemon,3,3.25,Tart,2000-01-16,False,False,24,2,"1430 Chorro St",CA,"San Luis Obispo"
14,26,Vanilla,2,1.15,Meringue,2000-01-16,False,False,24,2,"1430 Chorro St",CA,"San Luis Obispo"
19,7,Coffee,2,3.5,Eclair,2000-01-13,False,False,24,2,"1430 Chorro St",CA,"San Luis Obispo"
19,11,Apple,4,5.25,Pie,2000-01-13,False,False,24,2,"1430 Chorro St",CA,"San Luis Obispo"
19,37,Almond,2,1.15,Twist,2000-01-13,False,False,24,2,"1430 Chorro St",CA,"San Luis Obispo"
19,45,Hot,5,2.15,Coffee,2000-01-13,False,False,24,2,"1430 Chorro St",CA,"San Luis Obispo"
28,9,Napoleon,4,13.49,Cake,2000-01-22,True,True,24,2,"1430 Chorro St",CA,"San Luis Obispo"
28,14,Berry,2,3.25,Tart,2000-01-22,True,True,24,2,"1430 Chorro St",CA,"San Luis Obispo"
34,23,Raspberry,3,1.09,Cookie,2000-01-22,True,False,2,2,"1430 Chorro St",CA,"San Luis Obispo"
34,24,Lemon,5,0.79,Cookie,2000-01-22,True,False,2,2,"1430 Chorro St",CA,"San Luis Obispo"
34,40,Lemon,3,3.25,Lemonade,2000-01-22,True,False,2,2,"1430 Chorro St",CA,"San Luis Obispo"
34,41,Raspberry,2,3.25,Lemonade,2000-01-22,True,False,2,2,"1430 Chorro St",CA,"San Luis Obispo"
34,43,Green,2,1.85,Tea,2000-01-22,True,False,2,2,"1430 Chorro St",CA,"San Luis Obispo"
66,27,Marzipan,3,1.25,Cookie,2000-01-27,False,False,2,2,"1430 Chorro St",CA,"San Luis Obispo"
66,28,Tuile,3,1.25,Cookie,2000-01-27,False,False,2,2,"1430 Chorro St",CA,"San Luis Obispo"
117,1,Lemon,3,8.95,Cake,2000-01-20,False,False,2,2,"1430 Chorro St",CA,"San Luis Obispo"
117,11,Apple,5,5.25,Pie,2000-01-20,False,False,2,2,"1430 Chorro St",CA,"San Luis Obispo"
117,19,Lemon,4,3.25,Tart,2000-01-20,False,False,2,2,"1430 Chorro St",CA,"San Luis Obispo"
117,33,Cheese,2,1.75,Croissant,2000-01-20,False,False,2,2,"1430 Chorro St",CA,"San Luis Obispo"
140,5,Truffle,1,15.95,Cake,2000-01-13,False,False,2,2,"1430 Chorro St",CA,"San Luis Obispo"
140,6,Chocolate,4,3.25,Eclair,2000-01-13,False,False,2,2,"1430 Chorro St",CA,"San Luis Obispo"
140,16,Blueberry,2,3.25,Tart,2000-01-13,False,False,2,2,"1430 Chorro St",CA,"San Luis Obispo"
140,22,Gongolais,1,1.15,Cookie,2000-01-13,False,False,2,2,"1430 Chorro St",CA,"San Luis Obispo"
140,33,Cheese,5,1.75,Croissant,2000-01-13,False,False,2,2,"1430 Chorro St",CA,"San Luis Obispo"
140,38,Almond,2,1.95,"Bear Claw",2000-01-13,False,False,2,2,"1430 Chorro St",CA,"San Luis Obispo"
140,49,Single,3,1.85,Espresso,2000-01-13,False,False,2,2,"1430 Chorro St",CA,"San Luis Obispo"
148,0,Chocolate,4,8.95,Cake,2000-01-08,True,False,23,2,"1430 Chorro St",CA,"San Luis Obispo"
148,1,Lemon,2,8.95,Cake,2000-01-08,True,False,23,2,"1430 Chorro St",CA,"San Luis Obispo"
148,2,Casino,2,15.95,Cake,2000-01-08,True,False,23,2,"1430 Chorro St",CA,"San Luis Obispo"
148,46,Chocolate,5,2.45,Coffee,2000-01-08,True,False,23,2,"1430 Chorro St",CA,"San Luis Obispo"
151,0,Chocolate,1,8.95,Cake,2000-01-02,False,False,24,2,"1430 Chorro St",CA,"San Luis Obispo"
151,2,Casino,4,15.95,Cake,2000-01-02,False,False,24,2,"1430 Chorro St",CA,"San Luis Obispo"
151,19,Lemon,3,3.25,Tart,2000-01-02,False,False,24,2,"1430 Chorro St",CA,"San Luis Obispo"
151,22,Gongolais,4,1.15,Cookie,2000-01-02,False,False,24,2,"1430 Chorro St",CA,"San Luis Obispo"
151,46,Chocolate,1,2.45,Coffee,2000-01-02,False,False,24,2,"1430 Chorro St",CA,"San Luis Obispo"
171,0,Chocolate,2,8.95,Cake,2000-01-17,False,True,24,2,"1430 Chorro St",CA,"San Luis Obispo"
171,16,Blueberry,5,3.25,Tart,2000-01-17,False,True,24,2,"1430 Chorro St",CA,"San Luis Obispo"
171,32,Apricot,4,1.45,Croissant,2000-01-17,False,True,24,2,"1430 Chorro St",CA,"San Luis Obispo"
199,0,Chocolate,3,8.95,Cake,2000-01-04,False,False,24,2,"1430 Chorro St",CA,"San Luis Obispo"
199,2,Casino,3,15.95,Cake,2000-01-04,False,False,24,2,"1430 Chorro St",CA,"San Luis Obispo"
199,46,Chocolate,4,2.45,Coffee,2000-01-04,False,False,24,2,"1430 Chorro St",CA,"San Luis Obispo"
274,16,Blueberry,1,3.25,Tart,2000-01-07,True,False,22,2,"1430 Chorro St",CA,"San Luis Obispo"
274,18,Cherry,3,3.25,Tart,2000-01-07,True,False,22,2,"1430 Chorro St",CA,"San Luis Obispo"
274,32,Apricot,3,1.45,Croissant,2000-01-07,True,False,22,2,"1430 Chorro St",CA,"San Luis Obispo"
274,42,Orange,1,2.75,Juice,2000-01-07,True,False,22,2,"1430 Chorro St",CA,"San Luis Obispo"
287,0,Chocolate,1,8.95,Cake,2000-01-21,True,True,2,2,"1430 Chorro St",CA,"San Luis Obispo"
287,33,Cheese,1,1.75,Croissant,2000-01-21,True,True,2,2,"1430 Chorro St",CA,"San Luis Obispo"
287,42,Orange,2,2.75,Juice,2000-01-21,True,True,2,2,"1430 Chorro St",CA,"San Luis Obispo"
289,12,Apple,1,3.25,Tart,2000-01-15,True,False,2,2,"1430 Chorro St",CA,"San Luis Obispo"
289,31,Apple,3,1.45,Croissant,2000-01-15,True,False,2,2,"1430 Chorro St",CA,"San Luis Obispo"
289,36,Apple,2,1.15,Danish,2000-01-15,True,False,2,2,"1430 Chorro St",CA,"San Luis Obispo"
291,16,Blueberry,1,3.25,Tart,2000-01-17,False,False,23,2,"1430 Chorro St",CA,"San Luis Obispo"
291,27,Marzipan,4,1.25,Cookie,2000-01-17,False,False,23,2,"1430 Chorro St",CA,"San Luis Obispo"
291,28,Tuile,4,1.25,Cookie,2000-01-17,False,False,23,2,"1430 Chorro St",CA,"San Luis Obispo"
313,9,Napoleon,5,13.49,Cake,2000-01-18,False,False,22,2,"1430 Chorro St",CA,"San Luis Obispo"
313,13,Apricot,4,3.25,Tart,2000-01-18,False,False,22,2,"1430 Chorro St",CA,"San Luis Obispo"
313,20,Pecan,5,3.75,Tart,2000-01-18,False,False,22,2,"1430 Chorro St",CA,"San Luis Obispo"
313,21,Ganache,5,1.15,Cookie,2000-01-18,False,False,22,2,"1430 Chorro St",CA,"San Luis Obispo"
313,24,Lemon,3,0.79,Cookie,2000-01-18,False,False,22,2,"1430 Chorro St",CA,"San Luis Obispo"
313,39,Blueberry,4,1.15,Danish,2000-01-18,False,False,22,2,"1430 Chorro St",CA,"San Luis Obispo"
313,41,Raspberry,2,3.25,Lemonade,2000-01-18,False,False,22,2,"1430 Chorro St",CA,"San Luis Obispo"
313,45,Hot,5,2.15,Coffee,2000-01-18,False,False,22,2,"1430 Chorro St",CA,"San Luis Obispo"
321,7,Coffee,4,3.5,Eclair,2000-01-24,False,False,2,2,"1430 Chorro St",CA,"San Luis Obispo"
321,15,Blackberry,5,3.25,Tart,2000-01-24,False,False,2,2,"1430 Chorro St",CA,"San Luis Obispo"
321,49,Single,1,1.85,Espresso,2000-01-24,False,False,2,2,"1430 Chorro St",CA,"San Luis Obispo"
367,10,Almond,1,3.75,Tart,2000-01-05,False,False,22,2,"1430 Chorro St",CA,"San Luis Obispo"
367,29,Walnut,2,0.79,Cookie,2000-01-05,False,False,22,2,"1430 Chorro St",CA,"San Luis Obispo"
386,41,Raspberry,4,3.25,Lemonade,2000-01-26,False,False,24,2,"1430 Chorro St",CA,"San Luis Obispo"
395,5,Truffle,5,15.95,Cake,2000-01-16,False,True,24,2,"1430 Chorro St",CA,"San Luis Obispo"
395,17,Chocolate,4,3.75,Tart,2000-01-16,False,True,24,2,"1430 Chorro St",CA,"San Luis Obispo"
395,22,Gongolais,2,1.15,Cookie,2000-01-16,False,True,24,2,"1430 Chorro St",CA,"San Luis Obispo"
395,40,Lemon,4,3.25,Lemonade,2000-01-16,False,True,24,2,"1430 Chorro St",CA,"San Luis Obispo"
395,48,Cherry,3,1.29,Soda,2000-01-16,False,True,24,2,"1430 Chorro St",CA,"San Luis Obispo"
396,23,Raspberry,4,1.09,Cookie,2000-01-26,False,True,24,2,"1430 Chorro St",CA,"San Luis Obispo"
396,33,Cheese,2,1.75,Croissant,2000-01-26,False,True,24,2,"1430 Chorro St",CA,"San Luis Obispo"
396,46,Chocolate,5,2.45,Coffee,2000-01-26,False,True,24,2,"1430 Chorro St",CA,"San Luis Obispo"
406,5,Truffle,1,15.95,Cake,2000-01-12,False,False,24,2,"1430 Chorro St",CA,"San Luis Obispo"
406,22,Gongolais,4,1.15,Cookie,2000-01-12,False,False,24,2,"1430 Chorro St",CA,"San Luis Obispo"
414,1,Lemon,2,8.95,Cake,2000-01-29,True,True,22,2,"1430 Chorro St",CA,"San Luis Obispo"
414,5,Truffle,1,15.95,Cake,2000-01-29,True,True,22,2,"1430 Chorro St",CA,"San Luis Obispo"
414,7,Coffee,1,3.5,Eclair,2000-01-29,True,True,22,2,"1430 Chorro St",CA,"San Luis Obispo"
414,10,Almond,5,3.75,Tart,2000-01-29,True,True,22,2,"1430 Chorro St",CA,"San Luis Obispo"
414,21,Ganache,1,1.15,Cookie,2000-01-29,True,True,22,2,"1430 Chorro St",CA,"San Luis Obispo"
414,22,Gongolais,1,1.15,Cookie,2000-01-29,True,True,22,2,"1430 Chorro St",CA,"San Luis Obispo"
414,30,Almond,1,1.45,Croissant,2000-01-29,True,True,22,2,"1430 Chorro St",CA,"San Luis Obispo"
414,31,Apple,1,1.45,Croissant,2000-01-29,True,True,22,2,"1430 Chorro St",CA,"San Luis Obispo"
417,17,Chocolate,1,3.75,Tart,2000-01-29,True,True,24,2,"1430 Chorro St",CA,"San Luis Obispo"
417,29,Walnut,1,0.79,Cookie,2000-01-29,True,True,24,2,"1430 Chorro St",CA,"San Luis Obispo"
417,47,Vanilla,4,3.85,Frappuccino,2000-01-29,True,True,24,2,"1430 Chorro St",CA,"San Luis Obispo"
423,1,Lemon,5,8.95,Cake,2000-01-27,False,False,2,2,"1430 Chorro St",CA,"San Luis Obispo"
423,2,Casino,2,15.95,Cake,2000-01-27,False,False,2,2,"1430 Chorro St",CA,"San Luis Obispo"
423,8,Vanilla,4,3.25,Eclair,2000-01-27,False,False,2,2,"1430 Chorro St",CA,"San Luis Obispo"
423,25,Chocolate,4,1.25,Meringue,2000-01-27,False,False,2,2,"1430 Chorro St",CA,"San Luis Obispo"
423,32,Apricot,4,1.45,Croissant,2000-01-27,False,False,2,2,"1430 Chorro St",CA,"San Luis Obispo"
457,12,Apple,2,3.25,Tart,2000-01-18,False,True,23,2,"1430 Chorro St",CA,"San Luis Obispo"
457,16,Blueberry,5,3.25,Tart,2000-01-18,False,True,23,2,"1430 Chorro St",CA,"San Luis Obispo"
457,34,Chocolate,4,1.75,Croissant,2000-01-18,False,True,23,2,"1430 Chorro St",CA,"San Luis Obispo"
459,14,Berry,1,3.25,Tart,2000-01-13,False,True,2,2,"1430 Chorro St",CA,"San Luis Obispo"
459,32,Apricot,5,1.45,Croissant,2000-01-13,False,True,2,2,"1430 Chorro St",CA,"San Luis Obispo"
459,44,Bottled,4,1.8,Water,2000-01-13,False,True,2,2,"1430 Chorro St",CA,"San Luis Obispo"
465,0,Chocolate,5,8.95,Cake,2000-01-06,False,False,24,2,"1430 Chorro St",CA,"San Luis Obispo"
465,12,Apple,3,3.25,Tart,2000-01-06,False,False,24,2,"1430 Chorro St",CA,"San Luis Obispo"
465,20,Pecan,2,3.75,Tart,2000-01-06,False,False,24,2,"1430 Chorro St",CA,"San Luis Obispo"
465,22,Gongolais,2,1.15,Cookie,2000-01-06,False,False,24,2,"1430 Chorro St",CA,"San Luis Obispo"
465,49,Single,2,1.85,Espresso,2000-01-06,False,False,24,2,"1430 Chorro St",CA,"San Luis Obispo"
480,3,Opera,1,15.95,Cake,2000-01-19,False,False,22,2,"1430 Chorro St",CA,"San Luis Obispo"
480,21,Ganache,2,1.15,Cookie,2000-01-19,False,False,22,2,"1430 Chorro St",CA,"San Luis Obispo"
480,44,Bottled,5,1.8,Water,2000-01-19,False,False,22,2,"1430 Chorro St",CA,"San Luis Obispo"
508,0,Chocolate,1,8.95,Cake,2000-01-05,False,False,22,2,"1430 Chorro St",CA,"San Luis Obispo"
508,14,Berry,5,3.25,Tart,2000-01-05,False,False,22,2,"1430 Chorro St",CA,"San Luis Obispo"
508,16,Blueberry,3,3.25,Tart,2000-01-05,False,False,22,2,"1430 Chorro St",CA,"San Luis Obispo"
508,32,Apricot,5,1.45,Croissant,2000-01-05,False,False,22,2,"1430 Chorro St",CA,"San Luis Obispo"
509,8,Vanilla,5,3.25,Eclair,2000-01-25,False,False,2,2,"1430 Chorro St",CA,"San Luis Obispo"
514,21,Ganache,1,1.15,Cookie,2000-01-10,False,True,24,2,"1430 Chorro St",CA,"San Luis Obispo"
514,31,Apple,3,1.45,Croissant,2000-01-10,False,True,24,2,"1430 Chorro St",CA,"San Luis Obispo"
514,32,Apricot,5,1.45,Croissant,2000-01-10,False,True,24,2,"1430 Chorro St",CA,"San Luis Obispo"
525,22,Gongolais,1,1.15,Cookie,2000-01-09,False,True,2,2,"1430 Chorro St",CA,"San Luis Obispo"
525,39,Blueberry,1,1.15,Danish,2000-01-09,False,True,2,2,"1430 Chorro St",CA,"San Luis Obispo"
526,7,Coffee,5,3.5,Eclair,2000-01-12,False,False,24,2,"1430 Chorro St",CA,"San Luis Obispo"
526,11,Apple,4,5.25,Pie,2000-01-12,False,False,24,2,"1430 Chorro St",CA,"San Luis Obispo"
526,37,Almond,1,1.15,Twist,2000-01-12,False,False,24,2,"1430 Chorro St",CA,"San Luis Obispo"
526,45,Hot,4,2.15,Coffee,2000-01-12,False,False,24,2,"1430 Chorro St",CA,"San Luis Obispo"
527,0,Chocolate,2,8.95,Cake,2000-01-13,False,False,2,2,"1430 Chorro St",CA,"San Luis Obispo"
527,2,Casino,4,15.95,Cake,2000-01-13,False,False,2,2,"1430 Chorro St",CA,"San Luis Obispo"
527,15,Blackberry,3,3.25,Tart,2000-01-13,False,False,2,2,"1430 Chorro St",CA,"San Luis Obispo"
527,16,Blueberry,4,3.25,Tart,2000-01-13,False,False,2,2,"1430 Chorro St",CA,"San Luis Obispo"
527,22,Gongolais,2,1.15,Cookie,2000-01-13,False,False,2,2,"1430 Chorro St",CA,"San Luis Obispo"
527,35,Apricot,3,1.15,Danish,2000-01-13,False,False,2,2,"1430 Chorro St",CA,"San Luis Obispo"
527,46,Chocolate,5,2.45,Coffee,2000-01-13,False,False,2,2,"1430 Chorro St",CA,"San Luis Obispo"
539,12,Apple,5,3.25,Tart,2000-01-06,False,False,24,2,"1430 Chorro St",CA,"San Luis Obispo"
539,31,Apple,4,1.45,Croissant,2000-01-06,False,False,24,2,"1430 Chorro St",CA,"San Luis Obispo"
539,36,Apple,5,1.15,Danish,2000-01-06,False,False,24,2,"1430 Chorro St",CA,"San Luis Obispo"
539,48,Cherry,5,1.29,Soda,2000-01-06,False,False,24,2,"1430 Chorro St",CA,"San Luis Obispo"
551,3,Opera,1,15.95,Cake,2000-01-26,False,False,24,2,"1430 Chorro St",CA,"San Luis Obispo"
551,5,Truffle,4,15.95,Cake,2000-01-26,False,False,24,2,"1430 Chorro St",CA,"San Luis Obispo"
551,22,Gongolais,3,1.15,Cookie,2000-01-26,False,False,24,2,"1430 Chorro St",CA,"San Luis Obispo"
559,17,Chocolate,2,3.75,Tart,2000-01-13,False,True,23,2,"1430 Chorro St",CA,"San Luis Obispo"
559,47,Vanilla,5,3.85,Frappuccino,2000-01-13,False,True,23,2,"1430 Chorro St",CA,"San Luis Obispo"
603,20,Pecan,3,3.75,Tart,2000-01-19,False,True,24,2,"1430 Chorro St",CA,"San Luis Obispo"
603,22,Gongolais,5,1.15,Cookie,2000-01-19,False,True,24,2,"1430 Chorro St",CA,"San Luis Obispo"
603,27,Marzipan,2,1.25,Cookie,2000-01-19,False,True,24,2,"1430 Chorro St",CA,"San Luis Obispo"
610,12,Apple,1,3.25,Tart,2000-01-07,True,False,23,2,"1430 Chorro St",CA,"San Luis Obispo"
610,36,Apple,1,1.15,Danish,2000-01-07,True,False,23,2,"1430 Chorro St",CA,"San Luis Obispo"
610,37,Almond,3,1.15,Twist,2000-01-07,True,False,23,2,"1430 Chorro St",CA,"San Luis Obispo"
610,39,Blueberry,2,1.15,Danish,2000-01-07,True,False,23,2,"1430 Chorro St",CA,"San Luis Obispo"
621,3,Opera,4,15.95,Cake,2000-01-14,True,True,22,2,"1430 Chorro St",CA,"San Luis Obispo"
621,14,Berry,3,3.25,Tart,2000-01-14,True,True,22,2,"1430 Chorro St",CA,"San Luis Obispo"
621,30,Almond,4,1.45,Croissant,2000-01-14,True,True,22,2,"1430 Chorro St",CA,"San Luis Obispo"
638,12,Apple,1,3.25,Tart,2000-01-14,True,True,24,2,"1430 Chorro St",CA,"San Luis Obispo"
638,31,Apple,2,1.45,Croissant,2000-01-14,True,True,24,2,"1430 Chorro St",CA,"San Luis Obispo"
638,36,Apple,5,1.15,Danish,2000-01-14,True,True,24,2,"1430 Chorro St",CA,"San Luis Obispo"
638,48,Cherry,1,1.29,Soda,2000-01-14,True,True,24,2,"1430 Chorro St",CA,"San Luis Obispo"
691,5,Truffle,4,15.95,Cake,2000-01-10,False,False,22,2,"1430 Chorro St",CA,"San Luis Obispo"
691,22,Gongolais,2,1.15,Cookie,2000-01-10,False,False,22,2,"1430 Chorro St",CA,"San Luis Obispo"
691,43,Green,1,1.85,Tea,2000-01-10,False,False,22,2,"1430 Chorro St",CA,"San Luis Obispo"
708,37,Almond,4,1.15,Twist,2000-01-19,False,False,23,2,"1430 Chorro St",CA,"San Luis Obispo"
708,43,Green,4,1.85,Tea,2000-01-19,False,False,23,2,"1430 Chorro St",CA,"San Luis Obispo"
715,3,Opera,5,15.95,Cake,2000-01-10,False,False,22,2,"1430 Chorro St",CA,"San Luis Obispo"
715,18,Cherry,5,3.25,Tart,2000-01-10,False,False,22,2,"1430 Chorro St",CA,"San Luis Obispo"
715,35,Apricot,1,1.15,Danish,2000-01-10,False,False,22,2,"1430 Chorro St",CA,"San Luis Obispo"
727,4,Strawberry,2,11.95,Cake,2000-01-11,False,True,2,2,"1430 Chorro St",CA,"San Luis Obispo"
727,6,Chocolate,3,3.25,Eclair,2000-01-11,False,True,2,2,"1430 Chorro St",CA,"San Luis Obispo"
727,8,Vanilla,1,3.25,Eclair,2000-01-11,False,True,2,2,"1430 Chorro St",CA,"San Luis Obispo"
727,10,Almond,3,3.75,Tart,2000-01-11,False,True,2,2,"1430 Chorro St",CA,"San Luis Obispo"
727,18,Cherry,1,3.25,Tart,2000-01-11,False,True,2,2,"1430 Chorro St",CA,"San Luis Obispo"
727,22,Gongolais,2,1.15,Cookie,2000-01-11,False,True,2,2,"1430 Chorro St",CA,"San Luis Obispo"
727,35,Apricot,2,1.15,Danish,2000-01-11,False,True,2,2,"1430 Chorro St",CA,"San Luis Obispo"
727,37,Almond,4,1.15,Twist,2000-01-11,False,True,2,2,"1430 Chorro St",CA,"San Luis Obispo"
732,22,Gongolais,1,1.15,Cookie,2000-01-26,False,True,22,2,"1430 Chorro St",CA,"San Luis Obispo"
741,17,Chocolate,1,3.75,Tart,2000-01-21,True,False,22,2,"1430 Chorro St",CA,"San Luis Obispo"
741,29,Walnut,4,0.79,Cookie,2000-01-21,True,False,22,2,"1430 Chorro St",CA,"San Luis Obispo"
741,47,Vanilla,3,3.85,Frappuccino,2000-01-21,True,False,22,2,"1430 Chorro St",CA,"San Luis Obispo"
752,0,Chocolate,1,8.95,Cake,2000-01-10,False,True,2,2,"1430 Chorro St",CA,"San Luis Obispo"
752,11,Apple,5,5.25,Pie,2000-01-10,False,True,2,2,"1430 Chorro St",CA,"San Luis Obispo"
752,33,Cheese,5,1.75,Croissant,2000-01-10,False,True,2,2,"1430 Chorro St",CA,"San Luis Obispo"
766,1,Lemon,1,8.95,Cake,2000-01-01,True,True,23,2,"1430 Chorro St",CA,"San Luis Obispo"
766,7,Coffee,1,3.5,Eclair,2000-01-01,True,True,23,2,"1430 Chorro St",CA,"San Luis Obispo"
766,15,Blackberry,3,3.25,Tart,2000-01-01,True,True,23,2,"1430 Chorro St",CA,"San Luis Obispo"
766,48,Cherry,3,1.29,Soda,2000-01-01,True,True,23,2,"1430 Chorro St",CA,"San Luis Obispo"
770,23,Raspberry,1,1.09,Cookie,2000-01-27,False,True,22,2,"1430 Chorro St",CA,"San Luis Obispo"
770,24,Lemon,1,0.79,Cookie,2000-01-27,False,True,22,2,"1430 Chorro St",CA,"San Luis Obispo"
770,40,Lemon,3,3.25,Lemonade,2000-01-27,False,True,22,2,"1430 Chorro St",CA,"San Luis Obispo"
770,41,Raspberry,3,3.25,Lemonade,2000-01-27,False,True,22,2,"1430 Chorro St",CA,"San Luis Obispo"
810,7,Coffee,5,3.5,Eclair,2000-01-24,False,False,23,2,"1430 Chorro St",CA,"San Luis Obispo"
810,15,Blackberry,3,3.25,Tart,2000-01-24,False,False,23,2,"1430 Chorro St",CA,"San Luis Obispo"
810,49,Single,2,1.85,Espresso,2000-01-24,False,False,23,2,"1430 Chorro St",CA,"San Luis Obispo"
813,13,Apricot,4,3.25,Tart,2000-01-12,False,True,2,2,"1430 Chorro St",CA,"San Luis Obispo"
813,27,Marzipan,5,1.25,Cookie,2000-01-12,False,True,2,2,"1430 Chorro St",CA,"San Luis Obispo"
813,28,Tuile,4,1.25,Cookie,2000-01-12,False,True,2,2,"1430 Chorro St",CA,"San Luis Obispo"
813,42,Orange,5,2.75,Juice,2000-01-12,False,True,2,2,"1430 Chorro St",CA,"San Luis Obispo"
813,48,Cherry,5,1.29,Soda,2000-01-12,False,True,2,2,"1430 Chorro St",CA,"San Luis Obispo"
920,40,Lemon,1,3.25,Lemonade,2000-01-20,False,False,2,2,"1430 Chorro St",CA,"San Luis Obispo"
931,10,Almond,1,3.75,Tart,2000-01-10,False,False,2,2,"1430 Chorro St",CA,"San Luis Obispo"
931,16,Blueberry,1,3.25,Tart,2000-01-10,False,False,2,2,"1430 Chorro St",CA,"San Luis Obispo"
931,26,Vanilla,2,1.15,Meringue,2000-01-10,False,False,2,2,"1430 Chorro St",CA,"San Luis Obispo"
986,16,Blueberry,2,3.25,Tart,2000-01-04,False,False,22,2,"1430 Chorro St",CA,"San Luis Obispo"
986,32,Apricot,3,1.45,Croissant,2000-01-04,False,False,22,2,"1430 Chorro St",CA,"San Luis Obispo"
986,45,Hot,3,2.15,Coffee,2000-01-04,False,False,22,2,"1430 Chorro St",CA,"San Luis Obispo"
6,14,Berry,2,3.25,Tart,2000-01-28,True,False,25,3,"400 Lincoln Ave",CA,"Los Angeles"
6,21,Ganache,3,1.15,Cookie,2000-01-28,True,False,25,3,"400 Lincoln Ave",CA,"Los Angeles"
6,44,Bottled,4,1.8,Water,2000-01-28,True,False,25,3,"400 Lincoln Ave",CA,"Los Angeles"
9,2,Casino,1,15.95,Cake,2000-01-05,False,False,26,3,"400 Lincoln Ave",CA,"Los Angeles"
9,28,Tuile,3,1.25,Cookie,2000-01-05,False,False,26,3,"400 Lincoln Ave",CA,"Los Angeles"
38,0,Chocolate,5,8.95,Cake,2000-01-12,False,False,26,3,"400 Lincoln Ave",CA,"Los Angeles"
38,16,Blueberry,5,3.25,Tart,2000-01-12,False,False,26,3,"400 Lincoln Ave",CA,"Los Angeles"
38,30,Almond,4,1.45,Croissant,2000-01-12,False,False,26,3,"400 Lincoln Ave",CA,"Los Angeles"
38,32,Apricot,5,1.45,Croissant,2000-01-12,False,False,26,3,"400 Lincoln Ave",CA,"Los Angeles"
38,45,Hot,1,2.15,Coffee,2000-01-12,False,False,26,3,"400 Lincoln Ave",CA,"Los Angeles"
38,47,Vanilla,4,3.85,Frappuccino,2000-01-12,False,False,26,3,"400 Lincoln Ave",CA,"Los Angeles"
45,10,Almond,1,3.75,Tart,2000-01-02,False,True,26,3,"400 Lincoln Ave",CA,"Los Angeles"
45,19,Lemon,1,3.25,Tart,2000-01-02,False,True,26,3,"400 Lincoln Ave",CA,"Los Angeles"
45,25,Chocolate,2,1.25,Meringue,2000-01-02,False,True,26,3,"400 Lincoln Ave",CA,"Los Angeles"
45,32,Apricot,2,1.45,Croissant,2000-01-02,False,True,26,3,"400 Lincoln Ave",CA,"Los Angeles"
78,1,Lemon,2,8.95,Cake,2000-01-18,False,False,3,3,"400 Lincoln Ave",CA,"Los Angeles"
78,5,Truffle,5,15.95,Cake,2000-01-18,False,False,3,3,"400 Lincoln Ave",CA,"Los Angeles"
78,8,Vanilla,5,3.25,Eclair,2000-01-18,False,False,3,3,"400 Lincoln Ave",CA,"Los Angeles"
78,14,Berry,1,3.25,Tart,2000-01-18,False,False,3,3,"400 Lincoln Ave",CA,"Los Angeles"
78,22,Gongolais,4,1.15,Cookie,2000-01-18,False,False,3,3,"400 Lincoln Ave",CA,"Los Angeles"
78,26,Vanilla,5,1.15,Meringue,2000-01-18,False,False,3,3,"400 Lincoln Ave",CA,"Los Angeles"
89,5,Truffle,4,15.95,Cake,2000-01-08,True,True,3,3,"400 Lincoln Ave",CA,"Los Angeles"
89,19,Lemon,3,3.25,Tart,2000-01-08,True,True,3,3,"400 Lincoln Ave",CA,"Los Angeles"
89,22,Gongolais,2,1.15,Cookie,2000-01-08,True,True,3,3,"400 Lincoln Ave",CA,"Los Angeles"
89,34,Chocolate,5,1.75,Croissant,2000-01-08,True,True,3,3,"400 Lincoln Ave",CA,"Los Angeles"
89,43,Green,2,1.85,Tea,2000-01-08,True,True,3,3,"400 Lincoln Ave",CA,"Los Angeles"
109,5,Truffle,5,15.95,Cake,2000-01-05,False,False,26,3,"400 Lincoln Ave",CA,"Los Angeles"
109,22,Gongolais,3,1.15,Cookie,2000-01-05,False,False,26,3,"400 Lincoln Ave",CA,"Los Angeles"
109,27,Marzipan,4,1.25,Cookie,2000-01-05,False,False,26,3,"400 Lincoln Ave",CA,"Los Angeles"
109,35,Apricot,1,1.15,Danish,2000-01-05,False,False,26,3,"400 Lincoln Ave",CA,"Los Angeles"
134,17,Chocolate,1,3.75,Tart,2000-01-06,False,False,27,3,"400 Lincoln Ave",CA,"Los Angeles"
134,29,Walnut,2,0.79,Cookie,2000-01-06,False,False,27,3,"400 Lincoln Ave",CA,"Los Angeles"
134,47,Vanilla,5,3.85,Frappuccino,2000-01-06,False,False,27,3,"400 Lincoln Ave",CA,"Los Angeles"
168,4,Strawberry,1,11.95,Cake,2000-01-28,True,False,27,3,"400 Lincoln Ave",CA,"Los Angeles"
168,9,Napoleon,1,13.49,Cake,2000-01-28,True,False,27,3,"400 Lincoln Ave",CA,"Los Angeles"
194,27,Marzipan,1,1.25,Cookie,2000-01-23,False,False,3,3,"400 Lincoln Ave",CA,"Los Angeles"
194,28,Tuile,1,1.25,Cookie,2000-01-23,False,False,3,3,"400 Lincoln Ave",CA,"Los Angeles"
219,11,Apple,2,5.25,Pie,2000-01-07,True,True,26,3,"400 Lincoln Ave",CA,"Los Angeles"
219,15,Blackberry,4,3.25,Tart,2000-01-07,True,True,26,3,"400 Lincoln Ave",CA,"Los Angeles"
219,35,Apricot,3,1.15,Danish,2000-01-07,True,True,26,3,"400 Lincoln Ave",CA,"Los Angeles"
234,5,Truffle,3,15.95,Cake,2000-01-17,False,False,26,3,"400 Lincoln Ave",CA,"Los Angeles"
234,22,Gongolais,4,1.15,Cookie,2000-01-17,False,False,26,3,"400 Lincoln Ave",CA,"Los Angeles"
234,25,Chocolate,5,1.25,Meringue,2000-01-17,False,False,26,3,"400 Lincoln Ave",CA,"Los Angeles"
234,28,Tuile,3,1.25,Cookie,2000-01-17,False,False,26,3,"400 Lincoln Ave",CA,"Los Angeles"
234,34,Chocolate,5,1.75,Croissant,2000-01-17,False,False,26,3,"400 Lincoln Ave",CA,"Los Angeles"
234,46,Chocolate,4,2.45,Coffee,2000-01-17,False,False,26,3,"400 Lincoln Ave",CA,"Los Angeles"
275,27,Marzipan,3,1.25,Cookie,2000-01-19,False,False,3,3,"400 Lincoln Ave",CA,"Los Angeles"
275,31,Apple,3,1.45,Croissant,2000-01-19,False,False,3,3,"400 Lincoln Ave",CA,"Los Angeles"
275,33,Cheese,2,1.75,Croissant,2000-01-19,False,False,3,3,"400 Lincoln Ave",CA,"Los Angeles"
275,42,Orange,5,2.75,Juice,2000-01-19,False,False,3,3,"400 Lincoln Ave",CA,"Los Angeles"
283,21,Ganache,3,1.15,Cookie,2000-01-01,True,False,26,3,"400 Lincoln Ave",CA,"Los Angeles"
283,29,Walnut,3,0.79,Cookie,2000-01-01,True,False,26,3,"400 Lincoln Ave",CA,"Los Angeles"
308,3,Opera,3,15.95,Cake,2000-01-18,False,True,26,3,"400 Lincoln Ave",CA,"Los Angeles"
308,27,Marzipan,2,1.25,Cookie,2000-01-18,False,True,26,3,"400 Lincoln Ave",CA,"Los Angeles"
308,36,Apple,5,1.15,Danish,2000-01-18,False,True,26,3,"400 Lincoln Ave",CA,"Los Angeles"
373,5,Truffle,1,15.95,Cake,2000-01-27,False,True,26,3,"400 Lincoln Ave",CA,"Los Angeles"
373,21,Ganache,4,1.15,Cookie,2000-01-27,False,True,26,3,"400 Lincoln Ave",CA,"Los Angeles"
373,30,Almond,2,1.45,Croissant,2000-01-27,False,True,26,3,"400 Lincoln Ave",CA,"Los Angeles"
373,31,Apple,4,1.45,Croissant,2000-01-27,False,True,26,3,"400 Lincoln Ave",CA,"Los Angeles"
373,43,Green,2,1.85,Tea,2000-01-27,False,True,26,3,"400 Lincoln Ave",CA,"Los Angeles"
385,0,Chocolate,2,8.95,Cake,2000-01-11,False,True,26,3,"400 Lincoln Ave",CA,"Los Angeles"
385,4,Strawberry,3,11.95,Cake,2000-01-11,False,True,26,3,"400 Lincoln Ave",CA,"Los Angeles"
385,10,Almond,3,3.75,Tart,2000-01-11,False,True,26,3,"400 Lincoln Ave",CA,"Los Angeles"
385,21,Ganache,1,1.15,Cookie,2000-01-11,False,True,26,3,"400 Lincoln Ave",CA,"Los Angeles"
422,16,Blueberry,5,3.25,Tart,2000-01-11,False,False,25,3,"400 Lincoln Ave",CA,"Los Angeles"
422,32,Apricot,5,1.45,Croissant,2000-01-11,False,False,25,3,"400 Lincoln Ave",CA,"Los Angeles"
422,45,Hot,3,2.15,Coffee,2000-01-11,False,False,25,3,"400 Lincoln Ave",CA,"Los Angeles"
442,0,Chocolate,2,8.95,Cake,2000-01-27,False,False,27,3,"400 Lincoln Ave",CA,"Los Angeles"
442,2,Casino,2,15.95,Cake,2000-01-27,False,False,27,3,"400 Lincoln Ave",CA,"Los Angeles"
442,46,Chocolate,4,2.45,Coffee,2000-01-27,False,False,27,3,"400 Lincoln Ave",CA,"Los Angeles"
452,25,Chocolate,3,1.25,Meringue,2000-01-09,False,False,3,3,"400 Lincoln Ave",CA,"Los Angeles"
452,27,Marzipan,2,1.25,Cookie,2000-01-09,False,False,3,3,"400 Lincoln Ave",CA,"Los Angeles"
452,34,Chocolate,1,1.75,Croissant,2000-01-09,False,False,3,3,"400 Lincoln Ave",CA,"Los Angeles"
452,49,Single,1,1.85,Espresso,2000-01-09,False,False,3,3,"400 Lincoln Ave",CA,"Los Angeles"
530,4,Strawberry,1,11.95,Cake,2000-01-24,False,False,25,3,"400 Lincoln Ave",CA,"Los Angeles"
530,13,Apricot,2,3.25,Tart,2000-01-24,False,False,25,3,"400 Lincoln Ave",CA,"Los Angeles"
530,37,Almond,3,1.15,Twist,2000-01-24,False,False,25,3,"400 Lincoln Ave",CA,"Los Angeles"
530,45,Hot,5,2.15,Coffee,2000-01-24,False,False,25,3,"400 Lincoln Ave",CA,"Los Angeles"
530,49,Single,3,1.85,Espresso,2000-01-24,False,False,25,3,"400 Lincoln Ave",CA,"Los Angeles"
533,13,Apricot,4,3.25,Tart,2000-01-20,False,False,27,3,"400 Lincoln Ave",CA,"Los Angeles"
533,28,Tuile,3,1.25,Cookie,2000-01-20,False,False,27,3,"400 Lincoln Ave",CA,"Los Angeles"
535,14,Berry,2,3.25,Tart,2000-01-18,False,False,27,3,"400 Lincoln Ave",CA,"Los Angeles"
535,29,Walnut,3,0.79,Cookie,2000-01-18,False,False,27,3,"400 Lincoln Ave",CA,"Los Angeles"
535,31,Apple,5,1.45,Croissant,2000-01-18,False,False,27,3,"400 Lincoln Ave",CA,"Los Angeles"
535,35,Apricot,1,1.15,Danish,2000-01-18,False,False,27,3,"400 Lincoln Ave",CA,"Los Angeles"
535,41,Raspberry,2,3.25,Lemonade,2000-01-18,False,False,27,3,"400 Lincoln Ave",CA,"Los Angeles"
535,49,Single,4,1.85,Espresso,2000-01-18,False,False,27,3,"400 Lincoln Ave",CA,"Los Angeles"
548,10,Almond,2,3.75,Tart,2000-01-25,False,False,3,3,"400 Lincoln Ave",CA,"Los Angeles"
548,14,Berry,1,3.25,Tart,2000-01-25,False,False,3,3,"400 Lincoln Ave",CA,"Los Angeles"
548,18,Cherry,4,3.25,Tart,2000-01-25,False,False,3,3,"400 Lincoln Ave",CA,"Los Angeles"
548,47,Vanilla,3,3.85,Frappuccino,2000-01-25,False,False,3,3,"400 Lincoln Ave",CA,"Los Angeles"
580,13,Apricot,5,3.25,Tart,2000-01-06,False,True,26,3,"400 Lincoln Ave",CA,"Los Angeles"
580,30,Almond,4,1.45,Croissant,2000-01-06,False,True,26,3,"400 Lincoln Ave",CA,"Los Angeles"
580,42,Orange,4,2.75,Juice,2000-01-06,False,True,26,3,"400 Lincoln Ave",CA,"Los Angeles"
594,0,Chocolate,2,8.95,Cake,2000-01-25,False,False,25,3,"400 Lincoln Ave",CA,"Los Angeles"
594,9,Napoleon,2,13.49,Cake,2000-01-25,False,False,25,3,"400 Lincoln Ave",CA,"Los Angeles"
594,30,Almond,2,1.45,Croissant,2000-01-25,False,False,25,3,"400 Lincoln Ave",CA,"Los Angeles"
594,31,Apple,3,1.45,Croissant,2000-01-25,False,False,25,3,"400 Lincoln Ave",CA,"Los Angeles"
636,3,Opera,3,15.95,Cake,2000-01-14,True,False,3,3,"400 Lincoln Ave",CA,"Los Angeles"
636,18,Cherry,3,3.25,Tart,2000-01-14,True,False,3,3,"400 Lincoln Ave",CA,"Los Angeles"
636,35,Apricot,2,1.15,Danish,2000-01-14,True,False,3,3,"400 Lincoln Ave",CA,"Los Angeles"
674,16,Blueberry,5,3.25,Tart,2000-01-01,True,False,26,3,"400 Lincoln Ave",CA,"Los Angeles"
674,19,Lemon,3,3.25,Tart,2000-01-01,True,False,26,3,"400 Lincoln Ave",CA,"Los Angeles"
674,32,Apricot,2,1.45,Croissant,2000-01-01,True,False,26,3,"400 Lincoln Ave",CA,"Los Angeles"
674,38,Almond,2,1.95,"Bear Claw",2000-01-01,True,False,26,3,"400 Lincoln Ave",CA,"Los Angeles"
674,45,Hot,4,2.15,Coffee,2000-01-01,True,False,26,3,"400 Lincoln Ave",CA,"Los Angeles"
683,27,Marzipan,3,1.25,Cookie,2000-01-13,False,False,27,3,"400 Lincoln Ave",CA,"Los Angeles"
683,45,Hot,3,2.15,Coffee,2000-01-13,False,False,27,3,"400 Lincoln Ave",CA,"Los Angeles"
692,17,Chocolate,5,3.75,Tart,2000-01-15,True,False,25,3,"400 Lincoln Ave",CA,"Los Angeles"
692,23,Raspberry,2,1.09,Cookie,2000-01-15,True,False,25,3,"400 Lincoln Ave",CA,"Los Angeles"
692,29,Walnut,4,0.79,Cookie,2000-01-15,True,False,25,3,"400 Lincoln Ave",CA,"Los Angeles"
692,47,Vanilla,3,3.85,Frappuccino,2000-01-15,True,False,25,3,"400 Lincoln Ave",CA,"Los Angeles"
695,5,Truffle,3,15.95,Cake,2000-01-27,False,False,27,3,"400 Lincoln Ave",CA,"Los Angeles"
695,12,Apple,4,3.25,Tart,2000-01-27,False,False,27,3,"400 Lincoln Ave",CA,"Los Angeles"
695,22,Gongolais,1,1.15,Cookie,2000-01-27,False,False,27,3,"400 Lincoln Ave",CA,"Los Angeles"
695,44,Bottled,2,1.8,Water,2000-01-27,False,False,27,3,"400 Lincoln Ave",CA,"Los Angeles"
709,7,Coffee,5,3.5,Eclair,2000-01-13,False,True,27,3,"400 Lincoln Ave",CA,"Los Angeles"
709,15,Blackberry,1,3.25,Tart,2000-01-13,False,True,27,3,"400 Lincoln Ave",CA,"Los Angeles"
709,29,Walnut,3,0.79,Cookie,2000-01-13,False,True,27,3,"400 Lincoln Ave",CA,"Los Angeles"
709,49,Single,3,1.85,Espresso,2000-01-13,False,True,27,3,"400 Lincoln Ave",CA,"Los Angeles"
764,5,Truffle,3,15.95,Cake,2000-01-27,False,False,26,3,"400 Lincoln Ave",CA,"Los Angeles"
764,13,Apricot,5,3.25,Tart,2000-01-27,False,False,26,3,"400 Lincoln Ave",CA,"Los Angeles"
764,26,Vanilla,4,1.15,Meringue,2000-01-27,False,False,26,3,"400 Lincoln Ave",CA,"Los Angeles"
793,0,Chocolate,2,8.95,Cake,2000-01-23,False,False,26,3,"400 Lincoln Ave",CA,"Los Angeles"
793,18,Cherry,2,3.25,Tart,2000-01-23,False,False,26,3,"400 Lincoln Ave",CA,"Los Angeles"
793,25,Chocolate,2,1.25,Meringue,2000-01-23,False,False,26,3,"400 Lincoln Ave",CA,"Los Angeles"
793,39,Blueberry,2,1.15,Danish,2000-01-23,False,False,26,3,"400 Lincoln Ave",CA,"Los Angeles"
818,1,Lemon,2,8.95,Cake,2000-01-27,False,False,25,3,"400 Lincoln Ave",CA,"Los Angeles"
818,19,Lemon,1,3.25,Tart,2000-01-27,False,False,25,3,"400 Lincoln Ave",CA,"Los Angeles"
865,22,Gongolais,5,1.15,Cookie,2000-01-20,False,False,3,3,"400 Lincoln Ave",CA,"Los Angeles"
879,14,Berry,1,3.25,Tart,2000-01-26,False,False,25,3,"400 Lincoln Ave",CA,"Los Angeles"
879,20,Pecan,4,3.75,Tart,2000-01-26,False,False,25,3,"400 Lincoln Ave",CA,"Los Angeles"
879,22,Gongolais,3,1.15,Cookie,2000-01-26,False,False,25,3,"400 Lincoln Ave",CA,"Los Angeles"
879,24,Lemon,1,0.79,Cookie,2000-01-26,False,False,25,3,"400 Lincoln Ave",CA,"Los Angeles"
892,1,Lemon,2,8.95,Cake,2000-01-07,True,False,27,3,"400 Lincoln Ave",CA,"Los Angeles"
892,3,Opera,4,15.95,Cake,2000-01-07,True,False,27,3,"400 Lincoln Ave",CA,"Los Angeles"
892,30,Almond,4,1.45,Croissant,2000-01-07,True,False,27,3,"400 Lincoln Ave",CA,"Los Angeles"
940,12,Apple,2,3.25,Tart,2000-01-07,True,True,27,3,"400 Lincoln Ave",CA,"Los Angeles"
940,13,Apricot,5,3.25,Tart,2000-01-07,True,True,27,3,"400 Lincoln Ave",CA,"Los Angeles"
940,31,Apple,1,1.45,Croissant,2000-01-07,True,True,27,3,"400 Lincoln Ave",CA,"Los Angeles"
940,35,Apricot,4,1.15,Danish,2000-01-07,True,True,27,3,"400 Lincoln Ave",CA,"Los Angeles"
940,36,Apple,2,1.15,Danish,2000-01-07,True,True,27,3,"400 Lincoln Ave",CA,"Los Angeles"
940,41,Raspberry,4,3.25,Lemonade,2000-01-07,True,True,27,3,"400 Lincoln Ave",CA,"Los Angeles"
940,44,Bottled,3,1.8,Water,2000-01-07,True,True,27,3,"400 Lincoln Ave",CA,"Los Angeles"
948,0,Chocolate,1,8.95,Cake,2000-01-19,False,True,25,3,"400 Lincoln Ave",CA,"Los Angeles"
948,14,Berry,4,3.25,Tart,2000-01-19,False,True,25,3,"400 Lincoln Ave",CA,"Los Angeles"
948,44,Bottled,3,1.8,Water,2000-01-19,False,True,25,3,"400 Lincoln Ave",CA,"Los Angeles"
966,12,Apple,5,3.25,Tart,2000-01-20,False,False,27,3,"400 Lincoln Ave",CA,"Los Angeles"
966,31,Apple,4,1.45,Croissant,2000-01-20,False,False,27,3,"400 Lincoln Ave",CA,"Los Angeles"
966,36,Apple,4,1.15,Danish,2000-01-20,False,False,27,3,"400 Lincoln Ave",CA,"Los Angeles"
966,48,Cherry,4,1.29,Soda,2000-01-20,False,False,27,3,"400 Lincoln Ave",CA,"Los Angeles"
973,7,Coffee,2,3.5,Eclair,2000-01-29,True,False,27,3,"400 Lincoln Ave",CA,"Los Angeles"
973,8,Vanilla,5,3.25,Eclair,2000-01-29,True,False,27,3,"400 Lincoln Ave",CA,"Los Angeles"
973,9,Napoleon,3,13.49,Cake,2000-01-29,True,False,27,3,"400 Lincoln Ave",CA,"Los Angeles"
973,11,Apple,1,5.25,Pie,2000-01-29,True,False,27,3,"400 Lincoln Ave",CA,"Los Angeles"
973,29,Walnut,5,0.79,Cookie,2000-01-29,True,False,27,3,"400 Lincoln Ave",CA,"Los Angeles"
973,37,Almond,4,1.15,Twist,2000-01-29,True,False,27,3,"400 Lincoln Ave",CA,"Los Angeles"
973,45,Hot,1,2.15,Coffee,2000-01-29,True,False,27,3,"400 Lincoln Ave",CA,"Los Angeles"
975,5,Truffle,1,15.95,Cake,2000-01-11,False,False,27,3,"400 Lincoln Ave",CA,"Los Angeles"
975,7,Coffee,3,3.5,Eclair,2000-01-11,False,False,27,3,"400 Lincoln Ave",CA,"Los Angeles"
975,14,Berry,1,3.25,Tart,2000-01-11,False,False,27,3,"400 Lincoln Ave",CA,"Los Angeles"
975,17,Chocolate,1,3.75,Tart,2000-01-11,False,False,27,3,"400 Lincoln Ave",CA,"Los Angeles"
975,22,Gongolais,3,1.15,Cookie,2000-01-11,False,False,27,3,"400 Lincoln Ave",CA,"Los Angeles"
980,8,Vanilla,4,3.25,Eclair,2000-01-23,False,False,25,3,"400 Lincoln Ave",CA,"Los Angeles"
980,18,Cherry,2,3.25,Tart,2000-01-23,False,False,25,3,"400 Lincoln Ave",CA,"Los Angeles"
980,28,Tuile,4,1.25,Cookie,2000-01-23,False,False,25,3,"400 Lincoln Ave",CA,"Los Angeles"
15,5,Truffle,3,15.95,Cake,2000-01-21,True,False,4,4,"800 Olympic Blvd",CA,"Los Angeles"
15,22,Gongolais,5,1.15,Cookie,2000-01-21,True,False,4,4,"800 Olympic Blvd",CA,"Los Angeles"
15,39,Blueberry,4,1.15,Danish,2000-01-21,True,False,4,4,"800 Olympic Blvd",CA,"Los Angeles"
16,16,Blueberry,2,3.25,Tart,2000-01-10,False,False,4,4,"800 Olympic Blvd",CA,"Los Angeles"
16,32,Apricot,2,1.45,Croissant,2000-01-10,False,False,4,4,"800 Olympic Blvd",CA,"Los Angeles"
16,45,Hot,1,2.15,Coffee,2000-01-10,False,False,4,4,"800 Olympic Blvd",CA,"Los Angeles"
25,7,Coffee,3,3.5,Eclair,2000-01-26,False,False,4,4,"800 Olympic Blvd",CA,"Los Angeles"
25,22,Gongolais,1,1.15,Cookie,2000-01-26,False,False,4,4,"800 Olympic Blvd",CA,"Los Angeles"
25,48,Cherry,3,1.29,Soda,2000-01-26,False,False,4,4,"800 Olympic Blvd",CA,"Los Angeles"
27,23,Raspberry,5,1.09,Cookie,2000-01-16,False,False,4,4,"800 Olympic Blvd",CA,"Los Angeles"
27,24,Lemon,2,0.79,Cookie,2000-01-16,False,False,4,4,"800 Olympic Blvd",CA,"Los Angeles"
27,40,Lemon,4,3.25,Lemonade,2000-01-16,False,False,4,4,"800 Olympic Blvd",CA,"Los Angeles"
27,41,Raspberry,2,3.25,Lemonade,2000-01-16,False,False,4,4,"800 Olympic Blvd",CA,"Los Angeles"
27,43,Green,4,1.85,Tea,2000-01-16,False,False,4,4,"800 Olympic Blvd",CA,"Los Angeles"
63,13,Apricot,1,3.25,Tart,2000-01-25,False,True,4,4,"800 Olympic Blvd",CA,"Los Angeles"
63,27,Marzipan,2,1.25,Cookie,2000-01-25,False,True,4,4,"800 Olympic Blvd",CA,"Los Angeles"
63,28,Tuile,4,1.25,Cookie,2000-01-25,False,True,4,4,"800 Olympic Blvd",CA,"Los Angeles"
72,7,Coffee,4,3.5,Eclair,2000-01-27,False,False,4,4,"800 Olympic Blvd",CA,"Los Angeles"
72,29,Walnut,3,0.79,Cookie,2000-01-27,False,False,4,4,"800 Olympic Blvd",CA,"Los Angeles"
72,30,Almond,2,1.45,Croissant,2000-01-27,False,False,4,4,"800 Olympic Blvd",CA,"Los Angeles"
104,1,Lemon,3,8.95,Cake,2000-01-25,False,False,4,4,"800 Olympic Blvd",CA,"Los Angeles"
104,12,Apple,4,3.25,Tart,2000-01-25,False,False,4,4,"800 Olympic Blvd",CA,"Los Angeles"
104,15,Blackberry,3,3.25,Tart,2000-01-25,False,False,4,4,"800 Olympic Blvd",CA,"Los Angeles"
104,27,Marzipan,2,1.25,Cookie,2000-01-25,False,False,4,4,"800 Olympic Blvd",CA,"Los Angeles"
104,31,Apple,5,1.45,Croissant,2000-01-25,False,False,4,4,"800 Olympic Blvd",CA,"Los Angeles"
104,34,Chocolate,5,1.75,Croissant,2000-01-25,False,False,4,4,"800 Olympic Blvd",CA,"Los Angeles"
104,36,Apple,4,1.15,Danish,2000-01-25,False,False,4,4,"800 Olympic Blvd",CA,"Los Angeles"
104,48,Cherry,5,1.29,Soda,2000-01-25,False,False,4,4,"800 Olympic Blvd",CA,"Los Angeles"
142,0,Chocolate,1,8.95,Cake,2000-01-08,True,True,4,4,"800 Olympic Blvd",CA,"Los Angeles"
142,6,Chocolate,4,3.25,Eclair,2000-01-08,True,True,4,4,"800 Olympic Blvd",CA,"Los Angeles"
142,25,Chocolate,4,1.25,Meringue,2000-01-08,True,True,4,4,"800 Olympic Blvd",CA,"Los Angeles"
170,5,Truffle,4,15.95,Cake,2000-01-06,False,False,4,4,"800 Olympic Blvd",CA,"Los Angeles"
170,22,Gongolais,4,1.15,Cookie,2000-01-06,False,False,4,4,"800 Olympic Blvd",CA,"Los Angeles"
170,28,Tuile,5,1.25,Cookie,2000-01-06,False,False,4,4,"800 Olympic Blvd",CA,"Los Angeles"
179,16,Blueberry,2,3.25,Tart,2000-01-26,False,True,4,4,"800 Olympic Blvd",CA,"Los Angeles"
179,32,Apricot,5,1.45,Croissant,2000-01-26,False,True,4,4,"800 Olympic Blvd",CA,"Los Angeles"
179,45,Hot,1,2.15,Coffee,2000-01-26,False,True,4,4,"800 Olympic Blvd",CA,"Los Angeles"
198,5,Truffle,1,15.95,Cake,2000-01-14,True,False,4,4,"800 Olympic Blvd",CA,"Los Angeles"
198,22,Gongolais,2,1.15,Cookie,2000-01-14,True,False,4,4,"800 Olympic Blvd",CA,"Los Angeles"
239,1,Lemon,2,8.95,Cake,2000-01-13,False,False,4,4,"800 Olympic Blvd",CA,"Los Angeles"
239,12,Apple,4,3.25,Tart,2000-01-13,False,False,4,4,"800 Olympic Blvd",CA,"Los Angeles"
239,16,Blueberry,1,3.25,Tart,2000-01-13,False,False,4,4,"800 Olympic Blvd",CA,"Los Angeles"
239,17,Chocolate,1,3.75,Tart,2000-01-13,False,False,4,4,"800 Olympic Blvd",CA,"Los Angeles"
239,19,Lemon,2,3.25,Tart,2000-01-13,False,False,4,4,"800 Olympic Blvd",CA,"Los Angeles"
239,26,Vanilla,3,1.15,Meringue,2000-01-13,False,False,4,4,"800 Olympic Blvd",CA,"Los Angeles"
239,48,Cherry,1,1.29,Soda,2000-01-13,False,False,4,4,"800 Olympic Blvd",CA,"Los Angeles"
260,9,Napoleon,4,13.49,Cake,2000-01-10,False,True,4,4,"800 Olympic Blvd",CA,"Los Angeles"
260,14,Berry,4,3.25,Tart,2000-01-10,False,True,4,4,"800 Olympic Blvd",CA,"Los Angeles"
260,21,Ganache,1,1.15,Cookie,2000-01-10,False,True,4,4,"800 Olympic Blvd",CA,"Los Angeles"
260,46,Chocolate,3,2.45,Coffee,2000-01-10,False,True,4,4,"800 Olympic Blvd",CA,"Los Angeles"
338,5,Truffle,5,15.95,Cake,2000-01-19,False,False,4,4,"800 Olympic Blvd",CA,"Los Angeles"
338,22,Gongolais,3,1.15,Cookie,2000-01-19,False,False,4,4,"800 Olympic Blvd",CA,"Los Angeles"
338,28,Tuile,2,1.25,Cookie,2000-01-19,False,False,4,4,"800 Olympic Blvd",CA,"Los Angeles"
338,30,Almond,2,1.45,Croissant,2000-01-19,False,False,4,4,"800 Olympic Blvd",CA,"Los Angeles"
338,47,Vanilla,4,3.85,Frappuccino,2000-01-19,False,False,4,4,"800 Olympic Blvd",CA,"Los Angeles"
366,5,Truffle,5,15.95,Cake,2000-01-10,False,False,4,4,"800 Olympic Blvd",CA,"Los Angeles"
366,8,Vanilla,1,3.25,Eclair,2000-01-10,False,False,4,4,"800 Olympic Blvd",CA,"Los Angeles"
366,22,Gongolais,4,1.15,Cookie,2000-01-10,False,False,4,4,"800 Olympic Blvd",CA,"Los Angeles"
378,15,Blackberry,3,3.25,Tart,2000-01-27,False,False,4,4,"800 Olympic Blvd",CA,"Los Angeles"
378,18,Cherry,2,3.25,Tart,2000-01-27,False,False,4,4,"800 Olympic Blvd",CA,"Los Angeles"
378,41,Raspberry,3,3.25,Lemonade,2000-01-27,False,False,4,4,"800 Olympic Blvd",CA,"Los Angeles"
411,27,Marzipan,2,1.25,Cookie,2000-01-02,False,True,4,4,"800 Olympic Blvd",CA,"Los Angeles"
411,28,Tuile,3,1.25,Cookie,2000-01-02,False,True,4,4,"800 Olympic Blvd",CA,"Los Angeles"
425,16,Blueberry,3,3.25,Tart,2000-01-16,False,False,4,4,"800 Olympic Blvd",CA,"Los Angeles"
425,44,Bottled,4,1.8,Water,2000-01-16,False,False,4,4,"800 Olympic Blvd",CA,"Los Angeles"
448,1,Lemon,2,8.95,Cake,2000-01-14,True,False,4,4,"800 Olympic Blvd",CA,"Los Angeles"
448,28,Tuile,5,1.25,Cookie,2000-01-14,True,False,4,4,"800 Olympic Blvd",CA,"Los Angeles"
448,40,Lemon,3,3.25,Lemonade,2000-01-14,True,False,4,4,"800 Olympic Blvd",CA,"Los Angeles"
507,23,Raspberry,3,1.09,Cookie,2000-01-17,False,False,4,4,"800 Olympic Blvd",CA,"Los Angeles"
507,30,Almond,3,1.45,Croissant,2000-01-17,False,False,4,4,"800 Olympic Blvd",CA,"Los Angeles"
512,10,Almond,1,3.75,Tart,2000-01-13,False,False,4,4,"800 Olympic Blvd",CA,"Los Angeles"
512,20,Pecan,2,3.75,Tart,2000-01-13,False,False,4,4,"800 Olympic Blvd",CA,"Los Angeles"
512,37,Almond,5,1.15,Twist,2000-01-13,False,False,4,4,"800 Olympic Blvd",CA,"Los Angeles"
578,4,Strawberry,2,11.95,Cake,2000-01-04,False,False,4,4,"800 Olympic Blvd",CA,"Los Angeles"
578,15,Blackberry,5,3.25,Tart,2000-01-04,False,False,4,4,"800 Olympic Blvd",CA,"Los Angeles"
618,1,Lemon,1,8.95,Cake,2000-01-06,False,False,4,4,"800 Olympic Blvd",CA,"Los Angeles"
618,2,Casino,4,15.95,Cake,2000-01-06,False,False,4,4,"800 Olympic Blvd",CA,"Los Angeles"
618,34,Chocolate,2,1.75,Croissant,2000-01-06,False,False,4,4,"800 Olympic Blvd",CA,"Los Angeles"
618,39,Blueberry,4,1.15,Danish,2000-01-06,False,False,4,4,"800 Olympic Blvd",CA,"Los Angeles"
619,7,Coffee,2,3.5,Eclair,2000-01-09,False,False,4,4,"800 Olympic Blvd",CA,"Los Angeles"
619,11,Apple,3,5.25,Pie,2000-01-09,False,False,4,4,"800 Olympic Blvd",CA,"Los Angeles"
619,37,Almond,2,1.15,Twist,2000-01-09,False,False,4,4,"800 Olympic Blvd",CA,"Los Angeles"
619,45,Hot,2,2.15,Coffee,2000-01-09,False,False,4,4,"800 Olympic Blvd",CA,"Los Angeles"
631,38,Almond,2,1.95,"Bear Claw",2000-01-11,False,False,4,4,"800 Olympic Blvd",CA,"Los Angeles"
635,0,Chocolate,3,8.95,Cake,2000-01-17,False,False,4,4,"800 Olympic Blvd",CA,"Los Angeles"
635,6,Chocolate,4,3.25,Eclair,2000-01-17,False,False,4,4,"800 Olympic Blvd",CA,"Los Angeles"
635,19,Lemon,4,3.25,Tart,2000-01-17,False,False,4,4,"800 Olympic Blvd",CA,"Los Angeles"
635,26,Vanilla,1,1.15,Meringue,2000-01-17,False,False,4,4,"800 Olympic Blvd",CA,"Los Angeles"
635,43,Green,3,1.85,Tea,2000-01-17,False,False,4,4,"800 Olympic Blvd",CA,"Los Angeles"
642,0,Chocolate,5,8.95,Cake,2000-01-05,False,False,4,4,"800 Olympic Blvd",CA,"Los Angeles"
642,30,Almond,5,1.45,Croissant,2000-01-05,False,False,4,4,"800 Olympic Blvd",CA,"Los Angeles"
642,43,Green,4,1.85,Tea,2000-01-05,False,False,4,4,"800 Olympic Blvd",CA,"Los Angeles"
642,46,Chocolate,2,2.45,Coffee,2000-01-05,False,False,4,4,"800 Olympic Blvd",CA,"Los Angeles"
721,10,Almond,5,3.75,Tart,2000-01-02,False,True,4,4,"800 Olympic Blvd",CA,"Los Angeles"
721,33,Cheese,3,1.75,Croissant,2000-01-02,False,True,4,4,"800 Olympic Blvd",CA,"Los Angeles"
734,16,Blueberry,1,3.25,Tart,2000-01-13,False,False,4,4,"800 Olympic Blvd",CA,"Los Angeles"
734,32,Apricot,2,1.45,Croissant,2000-01-13,False,False,4,4,"800 Olympic Blvd",CA,"Los Angeles"
734,45,Hot,2,2.15,Coffee,2000-01-13,False,False,4,4,"800 Olympic Blvd",CA,"Los Angeles"
774,1,Lemon,4,8.95,Cake,2000-01-28,True,False,4,4,"800 Olympic Blvd",CA,"Los Angeles"
774,13,Apricot,4,3.25,Tart,2000-01-28,True,False,4,4,"800 Olympic Blvd",CA,"Los Angeles"
774,29,Walnut,2,0.79,Cookie,2000-01-28,True,False,4,4,"800 Olympic Blvd",CA,"Los Angeles"
839,15,Blackberry,2,3.25,Tart,2000-01-29,True,False,4,4,"800 Olympic Blvd",CA,"Los Angeles"
839,42,Orange,1,2.75,Juice,2000-01-29,True,False,4,4,"800 Olympic Blvd",CA,"Los Angeles"
844,22,Gongolais,3,1.15,Cookie,2000-01-20,False,False,4,4,"800 Olympic Blvd",CA,"Los Angeles"
844,33,Cheese,5,1.75,Croissant,2000-01-20,False,False,4,4,"800 Olympic Blvd",CA,"Los Angeles"
844,41,Raspberry,2,3.25,Lemonade,2000-01-20,False,False,4,4,"800 Olympic Blvd",CA,"Los Angeles"
868,13,Apricot,5,3.25,Tart,2000-01-17,False,False,4,4,"800 Olympic Blvd",CA,"Los Angeles"
868,23,Raspberry,5,1.09,Cookie,2000-01-17,False,False,4,4,"800 Olympic Blvd",CA,"Los Angeles"
868,24,Lemon,1,0.79,Cookie,2000-01-17,False,False,4,4,"800 Olympic Blvd",CA,"Los Angeles"
868,41,Raspberry,5,3.25,Lemonade,2000-01-17,False,False,4,4,"800 Olympic Blvd",CA,"Los Angeles"
874,4,Strawberry,4,11.95,Cake,2000-01-25,False,False,4,4,"800 Olympic Blvd",CA,"Los Angeles"
874,14,Berry,5,3.25,Tart,2000-01-25,False,False,4,4,"800 Olympic Blvd",CA,"Los Angeles"
874,16,Blueberry,5,3.25,Tart,2000-01-25,False,False,4,4,"800 Olympic Blvd",CA,"Los Angeles"
874,37,Almond,4,1.15,Twist,2000-01-25,False,False,4,4,"800 Olympic Blvd",CA,"Los Angeles"
874,44,Bottled,2,1.8,Water,2000-01-25,False,False,4,4,"800 Olympic Blvd",CA,"Los Angeles"
917,4,Strawberry,1,11.95,Cake,2000-01-20,False,False,4,4,"800 Olympic Blvd",CA,"Los Angeles"
917,9,Napoleon,5,13.49,Cake,2000-01-20,False,False,4,4,"800 Olympic Blvd",CA,"Los Angeles"
917,15,Blackberry,1,3.25,Tart,2000-01-20,False,False,4,4,"800 Olympic Blvd",CA,"Los Angeles"
929,20,Pecan,5,3.75,Tart,2000-01-01,True,False,4,4,"800 Olympic Blvd",CA,"Los Angeles"
944,0,Chocolate,4,8.95,Cake,2000-01-16,False,False,4,4,"800 Olympic Blvd",CA,"Los Angeles"
944,2,Casino,4,15.95,Cake,2000-01-16,False,False,4,4,"800 Olympic Blvd",CA,"Los Angeles"
944,20,Pecan,4,3.75,Tart,2000-01-16,False,False,4,4,"800 Olympic Blvd",CA,"Los Angeles"
944,44,Bottled,5,1.8,Water,2000-01-16,False,False,4,4,"800 Olympic Blvd",CA,"Los Angeles"
944,46,Chocolate,4,2.45,Coffee,2000-01-16,False,False,4,4,"800 Olympic Blvd",CA,"Los Angeles"
952,14,Berry,3,3.25,Tart,2000-01-14,True,False,4,4,"800 Olympic Blvd",CA,"Los Angeles"
952,20,Pecan,5,3.75,Tart,2000-01-14,True,False,4,4,"800 Olympic Blvd",CA,"Los Angeles"
952,40,Lemon,5,3.25,Lemonade,2000-01-14,True,False,4,4,"800 Olympic Blvd",CA,"Los Angeles"
952,43,Green,2,1.85,Tea,2000-01-14,True,False,4,4,"800 Olympic Blvd",CA,"Los Angeles"
964,7,Coffee,5,3.5,Eclair,2000-01-17,False,False,4,4,"800 Olympic Blvd",CA,"Los Angeles"
964,15,Blackberry,4,3.25,Tart,2000-01-17,False,False,4,4,"800 Olympic Blvd",CA,"Los Angeles"
964,29,Walnut,2,0.79,Cookie,2000-01-17,False,False,4,4,"800 Olympic Blvd",CA,"Los Angeles"
18,1,Lemon,2,8.95,Cake,2000-01-05,False,False,33,5,"200 Olive St",CA,"Los Angeles"
18,19,Lemon,5,3.25,Tart,2000-01-05,False,False,33,5,"200 Olive St",CA,"Los Angeles"
18,23,Raspberry,3,1.09,Cookie,2000-01-05,False,False,33,5,"200 Olive St",CA,"Los Angeles"
41,4,Strawberry,5,11.95,Cake,2000-01-25,False,True,5,5,"200 Olive St",CA,"Los Angeles"
41,10,Almond,3,3.75,Tart,2000-01-25,False,True,5,5,"200 Olive St",CA,"Los Angeles"
41,14,Berry,1,3.25,Tart,2000-01-25,False,True,5,5,"200 Olive St",CA,"Los Angeles"
96,1,Lemon,3,8.95,Cake,2000-01-24,False,False,31,5,"200 Olive St",CA,"Los Angeles"
96,29,Walnut,1,0.79,Cookie,2000-01-24,False,False,31,5,"200 Olive St",CA,"Los Angeles"
96,30,Almond,5,1.45,Croissant,2000-01-24,False,False,31,5,"200 Olive St",CA,"Los Angeles"
113,23,Raspberry,3,1.09,Cookie,2000-01-27,False,False,31,5,"200 Olive St",CA,"Los Angeles"
113,33,Cheese,1,1.75,Croissant,2000-01-27,False,False,31,5,"200 Olive St",CA,"Los Angeles"
113,35,Apricot,3,1.15,Danish,2000-01-27,False,False,31,5,"200 Olive St",CA,"Los Angeles"
114,5,Truffle,2,15.95,Cake,2000-01-16,False,False,32,5,"200 Olive St",CA,"Los Angeles"
114,8,Vanilla,5,3.25,Eclair,2000-01-16,False,False,32,5,"200 Olive St",CA,"Los Angeles"
114,18,Cherry,2,3.25,Tart,2000-01-16,False,False,32,5,"200 Olive St",CA,"Los Angeles"
114,29,Walnut,3,0.79,Cookie,2000-01-16,False,False,32,5,"200 Olive St",CA,"Los Angeles"
114,46,Chocolate,2,2.45,Coffee,2000-01-16,False,False,32,5,"200 Olive St",CA,"Los Angeles"
121,0,Chocolate,4,8.95,Cake,2000-01-11,False,True,30,5,"200 Olive St",CA,"Los Angeles"
121,2,Casino,2,15.95,Cake,2000-01-11,False,True,30,5,"200 Olive St",CA,"Los Angeles"
121,46,Chocolate,4,2.45,Coffee,2000-01-11,False,True,30,5,"200 Olive St",CA,"Los Angeles"
137,3,Opera,2,15.95,Cake,2000-01-25,False,True,28,5,"200 Olive St",CA,"Los Angeles"
137,11,Apple,1,5.25,Pie,2000-01-25,False,True,28,5,"200 Olive St",CA,"Los Angeles"
137,14,Berry,3,3.25,Tart,2000-01-25,False,True,28,5,"200 Olive St",CA,"Los Angeles"
137,18,Cherry,4,3.25,Tart,2000-01-25,False,True,28,5,"200 Olive St",CA,"Los Angeles"
137,29,Walnut,4,0.79,Cookie,2000-01-25,False,True,28,5,"200 Olive St",CA,"Los Angeles"
137,35,Apricot,3,1.15,Danish,2000-01-25,False,True,28,5,"200 Olive St",CA,"Los Angeles"
150,1,Lemon,1,8.95,Cake,2000-01-05,False,False,33,5,"200 Olive St",CA,"Los Angeles"
150,12,Apple,5,3.25,Tart,2000-01-05,False,False,33,5,"200 Olive St",CA,"Los Angeles"
150,18,Cherry,1,3.25,Tart,2000-01-05,False,False,33,5,"200 Olive St",CA,"Los Angeles"
150,19,Lemon,3,3.25,Tart,2000-01-05,False,False,33,5,"200 Olive St",CA,"Los Angeles"
150,39,Blueberry,1,1.15,Danish,2000-01-05,False,False,33,5,"200 Olive St",CA,"Los Angeles"
167,19,Lemon,5,3.25,Tart,2000-01-01,True,True,32,5,"200 Olive St",CA,"Los Angeles"
167,28,Tuile,1,1.25,Cookie,2000-01-01,True,True,32,5,"200 Olive St",CA,"Los Angeles"
167,42,Orange,4,2.75,Juice,2000-01-01,True,True,32,5,"200 Olive St",CA,"Los Angeles"
215,4,Strawberry,4,11.95,Cake,2000-01-20,False,False,33,5,"200 Olive St",CA,"Los Angeles"
215,14,Berry,4,3.25,Tart,2000-01-20,False,False,33,5,"200 Olive St",CA,"Los Angeles"
215,20,Pecan,1,3.75,Tart,2000-01-20,False,False,33,5,"200 Olive St",CA,"Los Angeles"
215,32,Apricot,2,1.45,Croissant,2000-01-20,False,False,33,5,"200 Olive St",CA,"Los Angeles"
215,36,Apple,1,1.15,Danish,2000-01-20,False,False,33,5,"200 Olive St",CA,"Los Angeles"
215,44,Bottled,3,1.8,Water,2000-01-20,False,False,33,5,"200 Olive St",CA,"Los Angeles"
245,3,Opera,2,15.95,Cake,2000-01-29,True,False,31,5,"200 Olive St",CA,"Los Angeles"
245,18,Cherry,4,3.25,Tart,2000-01-29,True,False,31,5,"200 Olive St",CA,"Los Angeles"
245,35,Apricot,4,1.15,Danish,2000-01-29,True,False,31,5,"200 Olive St",CA,"Los Angeles"
247,7,Coffee,2,3.5,Eclair,2000-01-21,True,False,31,5,"200 Olive St",CA,"Los Angeles"
247,11,Apple,2,5.25,Pie,2000-01-21,True,False,31,5,"200 Olive St",CA,"Los Angeles"
247,37,Almond,1,1.15,Twist,2000-01-21,True,False,31,5,"200 Olive St",CA,"Los Angeles"
247,45,Hot,1,2.15,Coffee,2000-01-21,True,False,31,5,"200 Olive St",CA,"Los Angeles"
268,3,Opera,4,15.95,Cake,2000-01-07,True,False,28,5,"200 Olive St",CA,"Los Angeles"
268,24,Lemon,1,0.79,Cookie,2000-01-07,True,False,28,5,"200 Olive St",CA,"Los Angeles"
281,7,Coffee,3,3.5,Eclair,2000-01-22,True,True,5,5,"200 Olive St",CA,"Los Angeles"
281,10,Almond,1,3.75,Tart,2000-01-22,True,True,5,5,"200 Olive St",CA,"Los Angeles"
281,14,Berry,2,3.25,Tart,2000-01-22,True,True,5,5,"200 Olive St",CA,"Los Angeles"
281,16,Blueberry,3,3.25,Tart,2000-01-22,True,True,5,5,"200 Olive St",CA,"Los Angeles"
281,23,Raspberry,5,1.09,Cookie,2000-01-22,True,True,5,5,"200 Olive St",CA,"Los Angeles"
281,32,Apricot,3,1.45,Croissant,2000-01-22,True,True,5,5,"200 Olive St",CA,"Los Angeles"
281,45,Hot,5,2.15,Coffee,2000-01-22,True,True,5,5,"200 Olive St",CA,"Los Angeles"
343,26,Vanilla,5,1.15,Meringue,2000-01-06,False,False,28,5,"200 Olive St",CA,"Los Angeles"
361,4,Strawberry,3,11.95,Cake,2000-01-13,False,False,28,5,"200 Olive St",CA,"Los Angeles"
361,30,Almond,2,1.45,Croissant,2000-01-13,False,False,28,5,"200 Olive St",CA,"Los Angeles"
361,31,Apple,1,1.45,Croissant,2000-01-13,False,False,28,5,"200 Olive St",CA,"Los Angeles"
372,3,Opera,5,15.95,Cake,2000-01-07,True,True,32,5,"200 Olive St",CA,"Los Angeles"
372,48,Cherry,2,1.29,Soda,2000-01-07,True,True,32,5,"200 Olive St",CA,"Los Angeles"
372,49,Single,2,1.85,Espresso,2000-01-07,True,True,32,5,"200 Olive St",CA,"Los Angeles"
456,14,Berry,2,3.25,Tart,2000-01-02,False,False,32,5,"200 Olive St",CA,"Los Angeles"
456,27,Marzipan,2,1.25,Cookie,2000-01-02,False,False,32,5,"200 Olive St",CA,"Los Angeles"
456,28,Tuile,1,1.25,Cookie,2000-01-02,False,False,32,5,"200 Olive St",CA,"Los Angeles"
500,0,Chocolate,1,8.95,Cake,2000-01-28,True,True,30,5,"200 Olive St",CA,"Los Angeles"
500,2,Casino,1,15.95,Cake,2000-01-28,True,True,30,5,"200 Olive St",CA,"Los Angeles"
500,46,Chocolate,4,2.45,Coffee,2000-01-28,True,True,30,5,"200 Olive St",CA,"Los Angeles"
502,14,Berry,3,3.25,Tart,2000-01-09,False,True,31,5,"200 Olive St",CA,"Los Angeles"
502,27,Marzipan,3,1.25,Cookie,2000-01-09,False,True,31,5,"200 Olive St",CA,"Los Angeles"
502,44,Bottled,3,1.8,Water,2000-01-09,False,True,31,5,"200 Olive St",CA,"Los Angeles"
510,13,Apricot,4,3.25,Tart,2000-01-27,False,True,33,5,"200 Olive St",CA,"Los Angeles"
510,26,Vanilla,4,1.15,Meringue,2000-01-27,False,True,33,5,"200 Olive St",CA,"Los Angeles"
510,27,Marzipan,3,1.25,Cookie,2000-01-27,False,True,33,5,"200 Olive St",CA,"Los Angeles"
510,28,Tuile,4,1.25,Cookie,2000-01-27,False,True,33,5,"200 Olive St",CA,"Los Angeles"
510,46,Chocolate,1,2.45,Coffee,2000-01-27,False,True,33,5,"200 Olive St",CA,"Los Angeles"
563,17,Chocolate,5,3.75,Tart,2000-01-01,True,False,31,5,"200 Olive St",CA,"Los Angeles"
563,29,Walnut,1,0.79,Cookie,2000-01-01,True,False,31,5,"200 Olive St",CA,"Los Angeles"
563,47,Vanilla,5,3.85,Frappuccino,2000-01-01,True,False,31,5,"200 Olive St",CA,"Los Angeles"
566,3,Opera,3,15.95,Cake,2000-01-03,False,False,30,5,"200 Olive St",CA,"Los Angeles"
566,18,Cherry,3,3.25,Tart,2000-01-03,False,False,30,5,"200 Olive St",CA,"Los Angeles"
566,35,Apricot,3,1.15,Danish,2000-01-03,False,False,30,5,"200 Olive St",CA,"Los Angeles"
568,4,Strawberry,3,11.95,Cake,2000-01-03,False,False,31,5,"200 Olive St",CA,"Los Angeles"
568,9,Napoleon,3,13.49,Cake,2000-01-03,False,False,31,5,"200 Olive St",CA,"Los Angeles"
568,34,Chocolate,4,1.75,Croissant,2000-01-03,False,False,31,5,"200 Olive St",CA,"Los Angeles"
575,5,Truffle,4,15.95,Cake,2000-01-08,True,False,33,5,"200 Olive St",CA,"Los Angeles"
575,7,Coffee,1,3.5,Eclair,2000-01-08,True,False,33,5,"200 Olive St",CA,"Los Angeles"
575,22,Gongolais,5,1.15,Cookie,2000-01-08,True,False,33,5,"200 Olive St",CA,"Los Angeles"
589,5,Truffle,5,15.95,Cake,2000-01-13,False,False,28,5,"200 Olive St",CA,"Los Angeles"
589,22,Gongolais,1,1.15,Cookie,2000-01-13,False,False,28,5,"200 Olive St",CA,"Los Angeles"
615,13,Apricot,1,3.25,Tart,2000-01-08,True,True,30,5,"200 Olive St",CA,"Los Angeles"
615,27,Marzipan,1,1.25,Cookie,2000-01-08,True,True,30,5,"200 Olive St",CA,"Los Angeles"
615,35,Apricot,5,1.15,Danish,2000-01-08,True,True,30,5,"200 Olive St",CA,"Los Angeles"
615,36,Apple,4,1.15,Danish,2000-01-08,True,True,30,5,"200 Olive St",CA,"Los Angeles"
625,9,Napoleon,4,13.49,Cake,2000-01-09,False,False,32,5,"200 Olive St",CA,"Los Angeles"
625,17,Chocolate,4,3.75,Tart,2000-01-09,False,False,32,5,"200 Olive St",CA,"Los Angeles"
625,27,Marzipan,3,1.25,Cookie,2000-01-09,False,False,32,5,"200 Olive St",CA,"Los Angeles"
625,28,Tuile,1,1.25,Cookie,2000-01-09,False,False,32,5,"200 Olive St",CA,"Los Angeles"
625,45,Hot,3,2.15,Coffee,2000-01-09,False,False,32,5,"200 Olive St",CA,"Los Angeles"
641,14,Berry,3,3.25,Tart,2000-01-14,True,False,31,5,"200 Olive St",CA,"Los Angeles"
641,33,Cheese,5,1.75,Croissant,2000-01-14,True,False,31,5,"200 Olive St",CA,"Los Angeles"
641,42,Orange,1,2.75,Juice,2000-01-14,True,False,31,5,"200 Olive St",CA,"Los Angeles"
653,0,Chocolate,2,8.95,Cake,2000-01-18,False,True,29,5,"200 Olive St",CA,"Los Angeles"
653,37,Almond,5,1.15,Twist,2000-01-18,False,True,29,5,"200 Olive St",CA,"Los Angeles"
653,46,Chocolate,3,2.45,Coffee,2000-01-18,False,True,29,5,"200 Olive St",CA,"Los Angeles"
655,4,Strawberry,1,11.95,Cake,2000-01-09,False,False,29,5,"200 Olive St",CA,"Los Angeles"
655,9,Napoleon,3,13.49,Cake,2000-01-09,False,False,29,5,"200 Olive St",CA,"Los Angeles"
664,0,Chocolate,1,8.95,Cake,2000-01-14,True,False,28,5,"200 Olive St",CA,"Los Angeles"
664,2,Casino,4,15.95,Cake,2000-01-14,True,False,28,5,"200 Olive St",CA,"Los Angeles"
664,46,Chocolate,2,2.45,Coffee,2000-01-14,True,False,28,5,"200 Olive St",CA,"Los Angeles"
711,5,Truffle,1,15.95,Cake,2000-01-26,False,True,29,5,"200 Olive St",CA,"Los Angeles"
711,22,Gongolais,2,1.15,Cookie,2000-01-26,False,True,29,5,"200 Olive St",CA,"Los Angeles"
711,24,Lemon,2,0.79,Cookie,2000-01-26,False,True,29,5,"200 Olive St",CA,"Los Angeles"
714,10,Almond,5,3.75,Tart,2000-01-25,False,False,32,5,"200 Olive St",CA,"Los Angeles"
714,40,Lemon,5,3.25,Lemonade,2000-01-25,False,False,32,5,"200 Olive St",CA,"Los Angeles"
714,44,Bottled,4,1.8,Water,2000-01-25,False,False,32,5,"200 Olive St",CA,"Los Angeles"
717,37,Almond,4,1.15,Twist,2000-01-24,False,False,33,5,"200 Olive St",CA,"Los Angeles"
717,47,Vanilla,1,3.85,Frappuccino,2000-01-24,False,False,33,5,"200 Olive St",CA,"Los Angeles"
717,48,Cherry,2,1.29,Soda,2000-01-24,False,False,33,5,"200 Olive St",CA,"Los Angeles"
760,27,Marzipan,5,1.25,Cookie,2000-01-12,False,False,31,5,"200 Olive St",CA,"Los Angeles"
760,28,Tuile,2,1.25,Cookie,2000-01-12,False,False,31,5,"200 Olive St",CA,"Los Angeles"
760,29,Walnut,3,0.79,Cookie,2000-01-12,False,False,31,5,"200 Olive St",CA,"Los Angeles"
788,14,Berry,1,3.25,Tart,2000-01-13,False,False,28,5,"200 Olive St",CA,"Los Angeles"
788,21,Ganache,5,1.15,Cookie,2000-01-13,False,False,28,5,"200 Olive St",CA,"Los Angeles"
788,23,Raspberry,5,1.09,Cookie,2000-01-13,False,False,28,5,"200 Olive St",CA,"Los Angeles"
788,24,Lemon,3,0.79,Cookie,2000-01-13,False,False,28,5,"200 Olive St",CA,"Los Angeles"
788,30,Almond,2,1.45,Croissant,2000-01-13,False,False,28,5,"200 Olive St",CA,"Los Angeles"
788,42,Orange,1,2.75,Juice,2000-01-13,False,False,28,5,"200 Olive St",CA,"Los Angeles"
788,46,Chocolate,4,2.45,Coffee,2000-01-13,False,False,28,5,"200 Olive St",CA,"Los Angeles"
819,22,Gongolais,3,1.15,Cookie,2000-01-22,True,False,32,5,"200 Olive St",CA,"Los Angeles"
819,26,Vanilla,5,1.15,Meringue,2000-01-22,True,False,32,5,"200 Olive St",CA,"Los Angeles"
846,4,Strawberry,2,11.95,Cake,2000-01-10,False,False,29,5,"200 Olive St",CA,"Los Angeles"
846,14,Berry,2,3.25,Tart,2000-01-10,False,False,29,5,"200 Olive St",CA,"Los Angeles"
846,21,Ganache,4,1.15,Cookie,2000-01-10,False,False,29,5,"200 Olive St",CA,"Los Angeles"
846,25,Chocolate,1,1.25,Meringue,2000-01-10,False,False,29,5,"200 Olive St",CA,"Los Angeles"
846,41,Raspberry,2,3.25,Lemonade,2000-01-10,False,False,29,5,"200 Olive St",CA,"Los Angeles"
870,13,Apricot,1,3.25,Tart,2000-01-28,True,True,33,5,"200 Olive St",CA,"Los Angeles"
870,25,Chocolate,1,1.25,Meringue,2000-01-28,True,True,33,5,"200 Olive St",CA,"Los Angeles"
890,8,Vanilla,2,3.25,Eclair,2000-01-06,False,False,31,5,"200 Olive St",CA,"Los Angeles"
890,14,Berry,4,3.25,Tart,2000-01-06,False,False,31,5,"200 Olive St",CA,"Los Angeles"
890,44,Bottled,5,1.8,Water,2000-01-06,False,False,31,5,"200 Olive St",CA,"Los Angeles"
901,12,Apple,4,3.25,Tart,2000-01-14,True,True,29,5,"200 Olive St",CA,"Los Angeles"
901,31,Apple,3,1.45,Croissant,2000-01-14,True,True,29,5,"200 Olive St",CA,"Los Angeles"
901,36,Apple,2,1.15,Danish,2000-01-14,True,True,29,5,"200 Olive St",CA,"Los Angeles"
901,48,Cherry,3,1.29,Soda,2000-01-14,True,True,29,5,"200 Olive St",CA,"Los Angeles"
945,3,Opera,2,15.95,Cake,2000-01-05,False,False,30,5,"200 Olive St",CA,"Los Angeles"
945,18,Cherry,4,3.25,Tart,2000-01-05,False,False,30,5,"200 Olive St",CA,"Los Angeles"
945,35,Apricot,4,1.15,Danish,2000-01-05,False,False,30,5,"200 Olive St",CA,"Los Angeles"
962,4,Strawberry,5,11.95,Cake,2000-01-23,False,False,5,5,"200 Olive St",CA,"Los Angeles"
962,16,Blueberry,5,3.25,Tart,2000-01-23,False,False,5,5,"200 Olive St",CA,"Los Angeles"
962,34,Chocolate,5,1.75,Croissant,2000-01-23,False,False,5,5,"200 Olive St",CA,"Los Angeles"
978,27,Marzipan,5,1.25,Cookie,2000-01-10,False,False,28,5,"200 Olive St",CA,"Los Angeles"
978,28,Tuile,2,1.25,Cookie,2000-01-10,False,False,28,5,"200 Olive St",CA,"Los Angeles"
983,27,Marzipan,2,1.25,Cookie,2000-01-20,False,True,33,5,"200 Olive St",CA,"Los Angeles"
983,28,Tuile,2,1.25,Cookie,2000-01-20,False,True,33,5,"200 Olive St",CA,"Los Angeles"
983,38,Almond,1,1.95,"Bear Claw",2000-01-20,False,True,33,5,"200 Olive St",CA,"Los Angeles"
983,48,Cherry,2,1.29,Soda,2000-01-20,False,True,33,5,"200 Olive St",CA,"Los Angeles"
11,23,Raspberry,4,1.09,Cookie,2000-01-21,True,False,6,6,"1507 Front St",CA,"San Diego"
11,24,Lemon,5,0.79,Cookie,2000-01-21,True,False,6,6,"1507 Front St",CA,"San Diego"
11,40,Lemon,1,3.25,Lemonade,2000-01-21,True,False,6,6,"1507 Front St",CA,"San Diego"
11,41,Raspberry,2,3.25,Lemonade,2000-01-21,True,False,6,6,"1507 Front St",CA,"San Diego"
11,43,Green,5,1.85,Tea,2000-01-21,True,False,6,6,"1507 Front St",CA,"San Diego"
24,4,Strawberry,4,11.95,Cake,2000-01-21,True,False,6,6,"1507 Front St",CA,"San Diego"
24,9,Napoleon,4,13.49,Cake,2000-01-21,True,False,6,6,"1507 Front St",CA,"San Diego"
24,38,Almond,5,1.95,"Bear Claw",2000-01-21,True,False,6,6,"1507 Front St",CA,"San Diego"
40,15,Blackberry,5,3.25,Tart,2000-01-17,False,False,6,6,"1507 Front St",CA,"San Diego"
40,16,Blueberry,2,3.25,Tart,2000-01-17,False,False,6,6,"1507 Front St",CA,"San Diego"
40,18,Cherry,2,3.25,Tart,2000-01-17,False,False,6,6,"1507 Front St",CA,"San Diego"
40,21,Ganache,2,1.15,Cookie,2000-01-17,False,False,6,6,"1507 Front St",CA,"San Diego"
40,26,Vanilla,4,1.15,Meringue,2000-01-17,False,False,6,6,"1507 Front St",CA,"San Diego"
50,28,Tuile,1,1.25,Cookie,2000-01-18,False,True,6,6,"1507 Front St",CA,"San Diego"
50,39,Blueberry,2,1.15,Danish,2000-01-18,False,True,6,6,"1507 Front St",CA,"San Diego"
82,7,Coffee,3,3.5,Eclair,2000-01-16,False,False,6,6,"1507 Front St",CA,"San Diego"
82,11,Apple,4,5.25,Pie,2000-01-16,False,False,6,6,"1507 Front St",CA,"San Diego"
82,20,Pecan,3,3.75,Tart,2000-01-16,False,False,6,6,"1507 Front St",CA,"San Diego"
82,28,Tuile,3,1.25,Cookie,2000-01-16,False,False,6,6,"1507 Front St",CA,"San Diego"
82,37,Almond,5,1.15,Twist,2000-01-16,False,False,6,6,"1507 Front St",CA,"San Diego"
82,45,Hot,5,2.15,Coffee,2000-01-16,False,False,6,6,"1507 Front St",CA,"San Diego"
85,12,Apple,1,3.25,Tart,2000-01-26,False,False,6,6,"1507 Front St",CA,"San Diego"
85,31,Apple,4,1.45,Croissant,2000-01-26,False,False,6,6,"1507 Front St",CA,"San Diego"
85,36,Apple,2,1.15,Danish,2000-01-26,False,False,6,6,"1507 Front St",CA,"San Diego"
85,48,Cherry,2,1.29,Soda,2000-01-26,False,False,6,6,"1507 Front St",CA,"San Diego"
86,45,Hot,1,2.15,Coffee,2000-01-05,False,False,6,6,"1507 Front St",CA,"San Diego"
90,0,Chocolate,1,8.95,Cake,2000-01-24,False,False,6,6,"1507 Front St",CA,"San Diego"
90,2,Casino,1,15.95,Cake,2000-01-24,False,False,6,6,"1507 Front St",CA,"San Diego"
90,45,Hot,1,2.15,Coffee,2000-01-24,False,False,6,6,"1507 Front St",CA,"San Diego"
90,46,Chocolate,3,2.45,Coffee,2000-01-24,False,False,6,6,"1507 Front St",CA,"San Diego"
98,1,Lemon,1,8.95,Cake,2000-01-04,False,True,6,6,"1507 Front St",CA,"San Diego"
128,39,Blueberry,1,1.15,Danish,2000-01-18,False,False,6,6,"1507 Front St",CA,"San Diego"
128,41,Raspberry,4,3.25,Lemonade,2000-01-18,False,False,6,6,"1507 Front St",CA,"San Diego"
172,5,Truffle,1,15.95,Cake,2000-01-12,False,False,6,6,"1507 Front St",CA,"San Diego"
172,28,Tuile,3,1.25,Cookie,2000-01-12,False,False,6,6,"1507 Front St",CA,"San Diego"
172,43,Green,2,1.85,Tea,2000-01-12,False,False,6,6,"1507 Front St",CA,"San Diego"
185,21,Ganache,2,1.15,Cookie,2000-01-23,False,False,6,6,"1507 Front St",CA,"San Diego"
185,24,Lemon,4,0.79,Cookie,2000-01-23,False,False,6,6,"1507 Front St",CA,"San Diego"
185,29,Walnut,1,0.79,Cookie,2000-01-23,False,False,6,6,"1507 Front St",CA,"San Diego"
225,5,Truffle,3,15.95,Cake,2000-01-05,False,True,6,6,"1507 Front St",CA,"San Diego"
225,22,Gongolais,1,1.15,Cookie,2000-01-05,False,True,6,6,"1507 Front St",CA,"San Diego"
282,4,Strawberry,4,11.95,Cake,2000-01-04,False,False,6,6,"1507 Front St",CA,"San Diego"
282,9,Napoleon,4,13.49,Cake,2000-01-04,False,False,6,6,"1507 Front St",CA,"San Diego"
282,14,Berry,3,3.25,Tart,2000-01-04,False,False,6,6,"1507 Front St",CA,"San Diego"
282,36,Apple,2,1.15,Danish,2000-01-04,False,False,6,6,"1507 Front St",CA,"San Diego"
282,44,Bottled,5,1.8,Water,2000-01-04,False,False,6,6,"1507 Front St",CA,"San Diego"
286,1,Lemon,5,8.95,Cake,2000-01-15,True,False,6,6,"1507 Front St",CA,"San Diego"
286,8,Vanilla,5,3.25,Eclair,2000-01-15,True,False,6,6,"1507 Front St",CA,"San Diego"
286,19,Lemon,2,3.25,Tart,2000-01-15,True,False,6,6,"1507 Front St",CA,"San Diego"
292,7,Coffee,4,3.5,Eclair,2000-01-25,False,False,6,6,"1507 Front St",CA,"San Diego"
292,15,Blackberry,4,3.25,Tart,2000-01-25,False,False,6,6,"1507 Front St",CA,"San Diego"
292,49,Single,1,1.85,Espresso,2000-01-25,False,False,6,6,"1507 Front St",CA,"San Diego"
340,7,Coffee,4,3.5,Eclair,2000-01-10,False,True,6,6,"1507 Front St",CA,"San Diego"
340,15,Blackberry,4,3.25,Tart,2000-01-10,False,True,6,6,"1507 Front St",CA,"San Diego"
340,49,Single,3,1.85,Espresso,2000-01-10,False,True,6,6,"1507 Front St",CA,"San Diego"
342,1,Lemon,4,8.95,Cake,2000-01-01,True,False,6,6,"1507 Front St",CA,"San Diego"
342,7,Coffee,5,3.5,Eclair,2000-01-01,True,False,6,6,"1507 Front St",CA,"San Diego"
342,11,Apple,5,5.25,Pie,2000-01-01,True,False,6,6,"1507 Front St",CA,"San Diego"
342,37,Almond,5,1.15,Twist,2000-01-01,True,False,6,6,"1507 Front St",CA,"San Diego"
348,3,Opera,4,15.95,Cake,2000-01-17,False,False,6,6,"1507 Front St",CA,"San Diego"
348,4,Strawberry,2,11.95,Cake,2000-01-17,False,False,6,6,"1507 Front St",CA,"San Diego"
348,27,Marzipan,1,1.25,Cookie,2000-01-17,False,False,6,6,"1507 Front St",CA,"San Diego"
348,42,Orange,5,2.75,Juice,2000-01-17,False,False,6,6,"1507 Front St",CA,"San Diego"
362,9,Napoleon,1,13.49,Cake,2000-01-06,False,False,6,6,"1507 Front St",CA,"San Diego"
362,14,Berry,5,3.25,Tart,2000-01-06,False,False,6,6,"1507 Front St",CA,"San Diego"
362,25,Chocolate,3,1.25,Meringue,2000-01-06,False,False,6,6,"1507 Front St",CA,"San Diego"
374,4,Strawberry,3,11.95,Cake,2000-01-24,False,True,6,6,"1507 Front St",CA,"San Diego"
374,9,Napoleon,4,13.49,Cake,2000-01-24,False,True,6,6,"1507 Front St",CA,"San Diego"
380,5,Truffle,4,15.95,Cake,2000-01-25,False,False,6,6,"1507 Front St",CA,"San Diego"
380,22,Gongolais,2,1.15,Cookie,2000-01-25,False,False,6,6,"1507 Front St",CA,"San Diego"
380,47,Vanilla,2,3.85,Frappuccino,2000-01-25,False,False,6,6,"1507 Front St",CA,"San Diego"
382,7,Coffee,5,3.5,Eclair,2000-01-20,False,False,6,6,"1507 Front St",CA,"San Diego"
382,15,Blackberry,3,3.25,Tart,2000-01-20,False,False,6,6,"1507 Front St",CA,"San Diego"
382,49,Single,1,1.85,Espresso,2000-01-20,False,False,6,6,"1507 Front St",CA,"San Diego"
388,25,Chocolate,5,1.25,Meringue,2000-01-26,False,False,6,6,"1507 Front St",CA,"San Diego"
392,7,Coffee,5,3.5,Eclair,2000-01-23,False,True,6,6,"1507 Front St",CA,"San Diego"
392,11,Apple,5,5.25,Pie,2000-01-23,False,True,6,6,"1507 Front St",CA,"San Diego"
392,34,Chocolate,2,1.75,Croissant,2000-01-23,False,True,6,6,"1507 Front St",CA,"San Diego"
392,37,Almond,2,1.15,Twist,2000-01-23,False,True,6,6,"1507 Front St",CA,"San Diego"
392,45,Hot,5,2.15,Coffee,2000-01-23,False,True,6,6,"1507 Front St",CA,"San Diego"
415,7,Coffee,5,3.5,Eclair,2000-01-09,False,False,6,6,"1507 Front St",CA,"San Diego"
415,15,Blackberry,4,3.25,Tart,2000-01-09,False,False,6,6,"1507 Front St",CA,"San Diego"
415,49,Single,4,1.85,Espresso,2000-01-09,False,False,6,6,"1507 Front St",CA,"San Diego"
419,5,Truffle,2,15.95,Cake,2000-01-14,True,True,6,6,"1507 Front St",CA,"San Diego"
419,33,Cheese,2,1.75,Croissant,2000-01-14,True,True,6,6,"1507 Front St",CA,"San Diego"
419,42,Orange,5,2.75,Juice,2000-01-14,True,True,6,6,"1507 Front St",CA,"San Diego"
421,7,Coffee,5,3.5,Eclair,2000-01-17,False,False,6,6,"1507 Front St",CA,"San Diego"
421,15,Blackberry,5,3.25,Tart,2000-01-17,False,False,6,6,"1507 Front St",CA,"San Diego"
421,49,Single,4,1.85,Espresso,2000-01-17,False,False,6,6,"1507 Front St",CA,"San Diego"
445,5,Truffle,2,15.95,Cake,2000-01-03,False,False,6,6,"1507 Front St",CA,"San Diego"
445,7,Coffee,2,3.5,Eclair,2000-01-03,False,False,6,6,"1507 Front St",CA,"San Diego"
445,22,Gongolais,2,1.15,Cookie,2000-01-03,False,False,6,6,"1507 Front St",CA,"San Diego"
445,32,Apricot,4,1.45,Croissant,2000-01-03,False,False,6,6,"1507 Front St",CA,"San Diego"
445,42,Orange,2,2.75,Juice,2000-01-03,False,False,6,6,"1507 Front St",CA,"San Diego"
450,4,Strawberry,3,11.95,Cake,2000-01-26,False,False,6,6,"1507 Front St",CA,"San Diego"
450,9,Napoleon,1,13.49,Cake,2000-01-26,False,False,6,6,"1507 Front St",CA,"San Diego"
450,31,Apple,5,1.45,Croissant,2000-01-26,False,False,6,6,"1507 Front St",CA,"San Diego"
450,33,Cheese,2,1.75,Croissant,2000-01-26,False,False,6,6,"1507 Front St",CA,"San Diego"
531,0,Chocolate,4,8.95,Cake,2000-01-27,False,False,6,6,"1507 Front St",CA,"San Diego"
531,16,Blueberry,4,3.25,Tart,2000-01-27,False,False,6,6,"1507 Front St",CA,"San Diego"
534,13,Apricot,4,3.25,Tart,2000-01-12,False,False,6,6,"1507 Front St",CA,"San Diego"
534,18,Cherry,3,3.25,Tart,2000-01-12,False,False,6,6,"1507 Front St",CA,"San Diego"
536,15,Blackberry,3,3.25,Tart,2000-01-25,False,True,6,6,"1507 Front St",CA,"San Diego"
536,34,Chocolate,4,1.75,Croissant,2000-01-25,False,True,6,6,"1507 Front St",CA,"San Diego"
536,46,Chocolate,5,2.45,Coffee,2000-01-25,False,True,6,6,"1507 Front St",CA,"San Diego"
536,48,Cherry,2,1.29,Soda,2000-01-25,False,True,6,6,"1507 Front St",CA,"San Diego"
550,1,Lemon,2,8.95,Cake,2000-01-28,True,False,6,6,"1507 Front St",CA,"San Diego"
550,3,Opera,3,15.95,Cake,2000-01-28,True,False,6,6,"1507 Front St",CA,"San Diego"
550,18,Cherry,1,3.25,Tart,2000-01-28,True,False,6,6,"1507 Front St",CA,"San Diego"
550,19,Lemon,4,3.25,Tart,2000-01-28,True,False,6,6,"1507 Front St",CA,"San Diego"
550,35,Apricot,1,1.15,Danish,2000-01-28,True,False,6,6,"1507 Front St",CA,"San Diego"
572,6,Chocolate,5,3.25,Eclair,2000-01-10,False,False,6,6,"1507 Front St",CA,"San Diego"
572,14,Berry,2,3.25,Tart,2000-01-10,False,False,6,6,"1507 Front St",CA,"San Diego"
572,22,Gongolais,2,1.15,Cookie,2000-01-10,False,False,6,6,"1507 Front St",CA,"San Diego"
573,0,Chocolate,1,8.95,Cake,2000-01-19,False,False,6,6,"1507 Front St",CA,"San Diego"
573,10,Almond,1,3.75,Tart,2000-01-19,False,False,6,6,"1507 Front St",CA,"San Diego"
573,41,Raspberry,1,3.25,Lemonade,2000-01-19,False,False,6,6,"1507 Front St",CA,"San Diego"
579,1,Lemon,1,8.95,Cake,2000-01-15,True,False,6,6,"1507 Front St",CA,"San Diego"
579,16,Blueberry,2,3.25,Tart,2000-01-15,True,False,6,6,"1507 Front St",CA,"San Diego"
579,18,Cherry,5,3.25,Tart,2000-01-15,True,False,6,6,"1507 Front St",CA,"San Diego"
579,20,Pecan,1,3.75,Tart,2000-01-15,True,False,6,6,"1507 Front St",CA,"San Diego"
579,25,Chocolate,2,1.25,Meringue,2000-01-15,True,False,6,6,"1507 Front St",CA,"San Diego"
579,29,Walnut,2,0.79,Cookie,2000-01-15,True,False,6,6,"1507 Front St",CA,"San Diego"
579,36,Apple,2,1.15,Danish,2000-01-15,True,False,6,6,"1507 Front St",CA,"San Diego"
579,46,Chocolate,4,2.45,Coffee,2000-01-15,True,False,6,6,"1507 Front St",CA,"San Diego"
583,5,Truffle,1,15.95,Cake,2000-01-04,False,False,6,6,"1507 Front St",CA,"San Diego"
583,22,Gongolais,2,1.15,Cookie,2000-01-04,False,False,6,6,"1507 Front St",CA,"San Diego"
648,36,Apple,3,1.15,Danish,2000-01-09,False,False,6,6,"1507 Front St",CA,"San Diego"
648,39,Blueberry,4,1.15,Danish,2000-01-09,False,False,6,6,"1507 Front St",CA,"San Diego"
661,7,Coffee,2,3.5,Eclair,2000-01-29,True,False,6,6,"1507 Front St",CA,"San Diego"
661,15,Blackberry,1,3.25,Tart,2000-01-29,True,False,6,6,"1507 Front St",CA,"San Diego"
661,49,Single,2,1.85,Espresso,2000-01-29,True,False,6,6,"1507 Front St",CA,"San Diego"
686,27,Marzipan,3,1.25,Cookie,2000-01-07,True,False,6,6,"1507 Front St",CA,"San Diego"
686,28,Tuile,3,1.25,Cookie,2000-01-07,True,False,6,6,"1507 Front St",CA,"San Diego"
697,20,Pecan,5,3.75,Tart,2000-01-08,True,False,6,6,"1507 Front St",CA,"San Diego"
697,29,Walnut,5,0.79,Cookie,2000-01-08,True,False,6,6,"1507 Front St",CA,"San Diego"
700,3,Opera,2,15.95,Cake,2000-01-29,True,True,6,6,"1507 Front St",CA,"San Diego"
700,36,Apple,4,1.15,Danish,2000-01-29,True,True,6,6,"1507 Front St",CA,"San Diego"
700,42,Orange,1,2.75,Juice,2000-01-29,True,True,6,6,"1507 Front St",CA,"San Diego"
700,49,Single,4,1.85,Espresso,2000-01-29,True,True,6,6,"1507 Front St",CA,"San Diego"
728,21,Ganache,2,1.15,Cookie,2000-01-04,False,True,6,6,"1507 Front St",CA,"San Diego"
728,24,Lemon,2,0.79,Cookie,2000-01-04,False,True,6,6,"1507 Front St",CA,"San Diego"
728,27,Marzipan,5,1.25,Cookie,2000-01-04,False,True,6,6,"1507 Front St",CA,"San Diego"
735,3,Opera,5,15.95,Cake,2000-01-19,False,False,6,6,"1507 Front St",CA,"San Diego"
735,9,Napoleon,3,13.49,Cake,2000-01-19,False,False,6,6,"1507 Front St",CA,"San Diego"
735,37,Almond,2,1.15,Twist,2000-01-19,False,False,6,6,"1507 Front St",CA,"San Diego"
735,42,Orange,5,2.75,Juice,2000-01-19,False,False,6,6,"1507 Front St",CA,"San Diego"
735,44,Bottled,5,1.8,Water,2000-01-19,False,False,6,6,"1507 Front St",CA,"San Diego"
746,28,Tuile,5,1.25,Cookie,2000-01-20,False,False,6,6,"1507 Front St",CA,"San Diego"
746,43,Green,1,1.85,Tea,2000-01-20,False,False,6,6,"1507 Front St",CA,"San Diego"
746,49,Single,4,1.85,Espresso,2000-01-20,False,False,6,6,"1507 Front St",CA,"San Diego"
794,1,Lemon,3,8.95,Cake,2000-01-07,True,False,6,6,"1507 Front St",CA,"San Diego"
794,19,Lemon,4,3.25,Tart,2000-01-07,True,False,6,6,"1507 Front St",CA,"San Diego"
794,27,Marzipan,4,1.25,Cookie,2000-01-07,True,False,6,6,"1507 Front St",CA,"San Diego"
832,15,Blackberry,3,3.25,Tart,2000-01-12,False,False,6,6,"1507 Front St",CA,"San Diego"
832,22,Gongolais,3,1.15,Cookie,2000-01-12,False,False,6,6,"1507 Front St",CA,"San Diego"
832,27,Marzipan,3,1.25,Cookie,2000-01-12,False,False,6,6,"1507 Front St",CA,"San Diego"
832,31,Apple,3,1.45,Croissant,2000-01-12,False,False,6,6,"1507 Front St",CA,"San Diego"
832,33,Cheese,1,1.75,Croissant,2000-01-12,False,False,6,6,"1507 Front St",CA,"San Diego"
832,40,Lemon,5,3.25,Lemonade,2000-01-12,False,False,6,6,"1507 Front St",CA,"San Diego"
853,4,Strawberry,2,11.95,Cake,2000-01-14,True,False,6,6,"1507 Front St",CA,"San Diego"
853,9,Napoleon,2,13.49,Cake,2000-01-14,True,False,6,6,"1507 Front St",CA,"San Diego"
